nembd,speedup_no_cache_predicted,speedup_no_cache_observed
384.0,0.7861656497273934,0.7723819534620056
392.67688617188793,0.7904974525663719,
401.549835764713,0.7948292554053502,
410.62327903885574,0.7991610582443289,
419.9017463611148,0.8034928610833076,
429.3898704667198,0.8078246639222859,
439.0923887724525,0.8121564667612644,
449.0141457420382,0.8164882696002427,
459.1600953049843,0.8208200724392214,
469.53530333007416,0.8251518752782001,
480.1449501547561,0.8294836781171784,
490.99433317168206,0.8338154809561569,
502.08886947369416,0.8381472837951354,
513.4340985585771,0.8424790866341139,
525.0356850949282,0.8468108894730924,
536.8994217505216,0.8511426923120708,
549.0312320845884,0.8554744951510493,
561.4371735054459,0.8598062979900278,
574.1234402949594,0.8641381008290063,
587.0963667013455,0.868469903667985,
600.3624301018572,0.8728017065069633,
613.9282542369399,0.8771335093459418,
627.80061251746,0.8814653121849203,
641.986431406667,0.8857971150238988,
656.4927938785742,0.8901289178628775,
671.326942954483,0.8944607207018558,
686.4962853194244,0.8987925235408343,
702.008395020311,0.9031243263798128,
717.871017247657,0.9074561292187913,
734.0920722027496,0.9117879320577698,
750.6796590521989,0.9161197348967483,
767.6420599718538,0.9204515377357267,
784.9877442820862,0.9247833405747052,
802.7253726765201,0.9291151434136837,
820.8638015463137,0.9334469462526622,
839.4120874021482,0.9377787490916407,
858.3794913961461,0.9421105519306192,
877.7754839459569,0.9464423547695977,
897.609749463334,0.9507741576085762,
917.8921911895592,0.9551059604475547,
938.6329361401229,0.9594377632865332,
959.8423401611456,0.9637695661255117,
981.5309931000431,0.9681013689644902,
1003.7097240930356,0.9724331718034687,
1026.38960697213,0.9767649746424472,
1049.5819657942816,0.9810967774814257,
1073.298380495488,0.9854285803204041,
1097.5506926726516,0.9897603831593826,
1122.351011496082,0.9940921859983611,
1147.7117197555992,0.9984239888373396,
1173.6454800432593,1.0027557916763183,
1200.165241075775,1.0070875945152966,
1227.2842441598134,1.011419397354275,
1255.0160298033709,1.0157512001932534,
1283.3744444765439,1.020083003032232,
1312.3736475250666,1.0244148058712106,
1342.0281182400686,1.028746608710189,
1372.3526630875735,1.0330784115491676,
1403.3624231013703,1.037410214388146,
1435.0728814429206,1.0417420172271246,
1467.4998711320957,1.046073820066103,
1500.6595829526004,1.0504056229050815,
1534.568573536018,1.05473742574406,
1569.2437736285397,1.0590692285830385,
1604.7024965444734,1.063401031422017,
1640.962446810777,1.0677328342609955,
1678.0417290069236,1.072064637099974,
1715.958856804504,1.0763964399389525,
1754.7327622111068,1.080728242777931,
1794.3828050230547,1.0850600456169095,
1834.9287824917471,1.089391848455888,
1876.3909392084197,1.0937236512948665,
1918.789977212256,1.098055454133845,
1962.1470663269174,1.1023872569728235,
2006.4838547306213,1.106719059811802,
2051.82247976507,1.1110508626507802,
2098.1855789886195,1.115382665489759,
2145.596301479194,1.1197144683287374,
2194.0783193926277,1.124046271167716,
2243.6558397821505,1.1283780740066944,
2294.353616684966,1.1327098768456727,
2346.1969634819334,1.1370416796846514,
2399.211765536521,1.1413734825236301,
2453.4244931193707,1.1457052853626084,
2508.862214624887,1.150037088201587,
2565.552610086477,1.1543688910405652,
2623.523984997183,1.1587006938795439,
2682.8052844425947,1.1630324967185226,
2743.4261075531354,1.1673642995575009,
2805.416722282885,1.1716961023964794,
2868.808080522362,1.1760279052354579,
2933.6318335527935,1.1803597080744364,
2999.920347849572,1.1846915109134148,
3067.7067212428587,1.1890233137523933,
3137.024799443274,1.1933551165913718,
3207.9091929410824,1.1976869194303503,
3280.3952942871856,1.202018722269329,
3354.5192957645945,1.206350525108307,
3430.318207459261,1.2106823279472856,
3507.8298757391526,1.2150141307862643,
3587.0930021509653,1.2193459336252428,
3668.147162743776,1.2236777364642213,
3751.0328278293514,1.2280095393031998,
3835.791382188964,1.2323413421421783,
3922.4651457367813,1.2366731449811568,
4011.0973946502068,1.2410049478201355,
4101.732382977648,1.245336750659114,
4194.4153647345265,1.249668553498092,
4289.192616498643,1.2540003563370705,
4386.111460515987,1.2583321591760492,
4485.220288328774,1.2626639620150277,
4586.56858493729,1.2669957648540062,
4690.206953507753,1.2713275676929847,
4796.187140638444,1.2756593705319632,
4904.562062196756,1.2799911733709417,
5015.385829740091,1.2843229762099204,
5128.713777533721,1.2886547790488985,
5244.602490179172,1.292986581887877,
5363.109830866896,1.2973183847268557,
5484.294970267324,1.3016501875658342,
5608.218416074789,1.3059819904048127,
5734.942043218971,1.3103137932437912,
5864.529124759036,1.3146455960827697,
5997.044363475852,1.3189773989217481,
6132.553924178037,1.3233092017607264,
6271.125466738087,1.327641004599705,
6412.82817987484,1.3319728074386834,
6557.732815699445,1.3363046102776621,
6705.911725041842,1.3406364131166406,
6857.4388935754705,1.344968215955619,
7012.38997875837,1.3493000187945976,
7170.842347608821,1.353631821633576,
7332.875115334744,1.3579636244725544,
7498.569184835867,1.3622954273115333,
7668.00728709848,1.3666272301505114,
7841.274022503071,1.3709590329894898,
8018.455903065155,1.3752908358284686,
8199.641395630775,1.379622638667447,
8384.92096604794,1.3839544415064255,
8574.387124336143,1.388286244345404,
8768.134470876686,1.3926180471843825,
8966.259743646486,1.396949850023361,
9168.861866519404,1.4012816528623393,
9376.041998658871,1.4056134557013182,
9587.903585026575,1.4099452585402963,
9804.552408032603,1.414277061379275,
10026.096640352405,1.4186088642182535,
10252.646898937532,1.422940667057232,
10484.316300246499,1.4272724698962105,
10721.22051672385,1.4316042727351888,
10963.477834555428,1.4359360755741675,
11211.209212728469,1.4402678784131457,
11464.538343426568,1.4445996812521242,
11723.591713788963,1.4489314840911032,
11988.498669065602,1.4532632869300814,
12259.391477199237,1.45759508976906,
12536.405394866593,1.4619268926080384,
12819.678735012172,1.466258695447017,
13109.352935907686,1.4705904982859954,
13405.572631772187,1.4749223011249737,
13708.485724987988,1.4792541039639526,
14018.243459948051,1.4835859068029307,
14335.000498572494,1.4879177096419092,
14658.914997531021,1.492249512480888,
14990.148687210578,1.4965813153198664,
15328.866952467364,1.5009131181588449,
15675.238915203212,1.505244920997823,
16029.437518808345,1.5095767238368019,
16391.639614511714,1.5139085266757804,
16762.02604968286,1.5182403295147586,
17140.78175812901,1.5225721323537376,
17528.095852432267,1.5269039351927156,
17924.161718373674,1.531235738031694,
18329.17711149046,1.535567540870673,
18743.344255815373,1.5398993437096513,
19166.869944847207,1.5442311465486298,
19599.96564480244,1.548562949387608,
20042.84760020054,1.5528947522265868,
20495.736941834508,1.5572265550655653,
20958.859797181503,1.5615583579045436,
21432.447403308346,1.5658901607435225,
21916.7362223278,1.5702219635825005,
22411.968059464358,1.5745537664214793,
22918.39018378719,1.578885569260458,
23436.255451671623,1.5832173720994362,
23965.822433050398,1.5875491749384147,
24507.35554051718,1.591880977777393,
25061.12516134807,1.5962127806163717,
25627.40779250552,1.6005445834553504,
26206.48617869331,1.6048763862943285,
26798.649453531027,1.6092081891333074,
27404.19328391801,1.6135399919722857,
28023.420017660148,1.6178717948112642,
28656.638834431633,1.622203597650243,
29304.165900148433,1.6265354004892212,
29966.324524829986,1.6308672033281997,
30643.445324027354,1.6351990061671777,
31335.86638389992,1.6395308090061567,
32043.93343002127,1.6438626118451352,
32768.0,1.6481944146841137,
