device,variant,engine,mode,prompt_len,gen_tokens,prefill_ms__mean,prefill_ms__std,prefill_ms__count,prime_ms__mean,prime_ms__std,prime_ms__count,ttft_ms__mean,ttft_ms__std,ttft_ms__count,decode_total_ms__mean,decode_total_ms__std,decode_total_ms__count,tokens_per_sec__mean,tokens_per_sec__std,tokens_per_sec__count,p50_token_ms__mean,p50_token_ms__std,p50_token_ms__count,p95_token_ms__mean,p95_token_ms__std,p95_token_ms__count,rss_before_mb__mean,rss_before_mb__std,rss_before_mb__count,rss_after_mb__mean,rss_after_mb__std,rss_after_mb__count,rss_delta_mb__mean,rss_delta_mb__std,rss_delta_mb__count,total_ms__mean,total_ms__std,total_ms__count,prefill_share__mean,prefill_share__std,prefill_share__count,decode_share__mean,decode_share__std,decode_share__count
unknown,1767066084,nano,kv_cache,384,128,5234.850944444444,186.68949425628574,9,0.0,0.0,9,16.942344444444444,1.1037870663211171,9,2122.4680777777776,103.34122751934198,9,59.959599999999995,2.8574331483868503,9,16.719366666666666,0.835406410078353,9,18.1911,0.962465487692936,9,90404.88888888889,63.83659695747233,9,97616.0,324.98615355119307,9,7211.111111111111,316.3844356334728,9,7357.319022222222,226.0544987686471,9,0.7114995210086662,0.011435787260291264,9,0.28850047899133374,0.011435787260291276,9
unknown,1767066084,nano,no_cache,384,128,0.0,0.0,9,0.0,0.0,9,92.5781,5.910049803935666,9,13078.624811111113,96.12907438494399,9,9.710966666666668,0.07101332621416916,9,102.7739888888889,1.0114710048296522,9,115.05917777777778,1.1714274377631984,9,85908.0,1462.5949541824612,9,90403.11111111111,62.82603848016391,9,4495.111111111111,1504.192511319981,9,13078.624811111113,96.12907438494399,9,0.0,0.0,9,1.0,0.0,9
unknown,1767066084,tau,kv_cache,384,128,4956.601733333333,130.042984254015,9,0.0,0.0,9,13.419166666666667,0.9226159832237895,9,1814.7463333333335,58.42628576929222,9,70.04793333333333,2.297308850046071,9,14.22081111111111,0.5027750178868386,9,15.570133333333334,0.4145758012716128,9,86584.44444444444,799.8510972535955,9,86776.88888888889,879.9426749005346,9,192.44444444444446,384.5123896284459,9,6771.348066666666,174.27510123034656,9,0.7320026354877096,0.004829755188035211,9,0.26799736451229034,0.004829755188035213,9
unknown,1767066084,tau,no_cache,384,128,0.0,0.0,9,0.0,0.0,9,125.71326666666667,6.834499004499161,9,18390.10578888889,311.36924592718964,9,6.907666666666667,0.11785300165884609,9,143.44175555555555,2.7238819018595044,9,166.69363333333334,5.645318987887224,9,86581.33333333333,801.1042379116471,9,86582.22222222222,801.6161453242113,9,0.8888888888888888,1.7638342073763937,9,18390.10578888889,311.36924592718964,9,0.0,0.0,9,1.0,0.0,9
unknown,1767089337,nano,kv_cache,384,256,5204.227044444445,120.40354418445398,9,0.0,0.0,9,15.235455555555555,1.42216932282263,9,4422.821011111111,144.40148977443445,9,57.709155555555554,1.8489227844282132,9,17.349911111111112,0.7391881787549851,9,19.650211111111112,0.6576937441629749,9,95053.33333333333,1261.2026006950678,9,107239.11111111111,1459.3762746841944,9,12185.777777777777,1031.8819915302543,9,9627.048055555555,252.50381506601107,9,0.5406382526220377,0.004723233356031683,9,0.4593617473779623,0.004723233356031704,9
unknown,1767089337,nano,no_cache,384,256,0.0,0.0,9,0.0,0.0,9,92.19768888888888,8.064975257935458,9,30406.395277777778,214.55719559077832,9,8.386766666666666,0.058793196885354046,9,120.66141111111112,1.507542886159832,9,146.35913333333332,2.3007909998520133,9,91905.77777777778,3803.223428152024,9,95052.0,1260.298377369423,9,3146.222222222222,3015.1239517546283,9,30406.395277777778,214.55719559077832,9,0.0,0.0,9,1.0,0.0,9
unknown,1767089337,tau,kv_cache,384,256,4837.312166666667,158.32111090012577,9,0.0,0.0,9,12.423066666666665,0.6963517519903286,9,3586.077644444444,145.18670128740365,9,71.21025555555555,2.8343296919691205,9,14.057922222222222,0.6186422346109618,9,15.548311111111111,0.6799933757847282,9,92592.0,12.806248474865448,9,92593.33333333333,12.16552506059659,9,1.3333333333333333,2.0,9,8423.389811111112,239.72167868536826,9,0.5742996929032347,0.011116042329752846,9,0.4257003070967654,0.011116042329752848,9
unknown,1767089337,tau,no_cache,384,256,0.0,0.0,9,0.0,0.0,9,131.22767777777779,6.9821696052834765,9,43533.04155555556,537.4657165608484,9,5.858422222222222,0.07243155006241717,9,170.4377888888889,3.672600818372599,9,216.80852222222222,8.263989536201294,9,92589.33333333333,14.560219778562848,9,92590.66666666667,12.961481396814598,9,1.3333333333333333,2.8284271247461903,9,43533.04155555556,537.4657165608484,9,0.0,0.0,9,1.0,0.0,9
unknown,1767090496,nano,kv_cache,384,512,5278.916477777778,183.58665826690523,9,0.0,0.0,9,15.287077777777776,0.8967465803918317,9,9673.373855555556,178.0424050034787,9,52.84162222222222,0.9910689932817212,9,19.115866666666665,0.42618181272785466,9,21.702655555555555,0.4012149458554344,9,104972.44444444444,31.076965388822586,9,116254.66666666667,928.6506339845947,9,11282.222222222223,920.9171756702356,9,14952.290333333334,270.0546253535106,9,0.3530058729615704,0.00851372186942365,9,0.6469941270384296,0.00851372186942366,9
unknown,1767090496,nano,no_cache,384,512,0.0,0.0,9,0.0,0.0,9,95.33965555555557,7.886427467825832,9,79633.5158888889,359.9168667008129,9,6.417011111111111,0.028932051622916535,9,155.18077777777776,2.018208441153792,9,222.1352,1.1603987989049334,9,96284.88888888889,3897.090595702277,9,104969.77777777778,34.76268753195959,9,8684.888888888889,3899.2634062231696,9,79633.5158888889,359.9168667008129,9,0.0,0.0,9,1.0,0.0,9
unknown,1767090496,tau,kv_cache,384,512,4853.351144444445,228.75195411958276,9,0.0,0.0,9,13.52971111111111,1.048975461396076,9,7587.977777777778,221.42270479373713,9,67.39443333333332,1.969022258634981,9,14.90112222222222,0.503449996965383,9,16.5593,0.549596208593182,9,95321.33333333333,319.02351010544754,9,97974.22222222222,1030.6039221953536,9,2652.8888888888887,810.1623979864229,9,12441.328922222221,175.01344899919647,9,0.3900706055300971,0.01692640565417954,9,0.6099293944699029,0.016926405654179542,9
unknown,1767090496,tau,no_cache,384,512,0.0,0.0,9,0.0,0.0,9,130.48625555555554,7.87780006650193,9,108950.63987777778,1047.066023764998,9,4.690588888888889,0.0452342360509284,9,212.48977777777776,4.259684328908009,9,304.29892222222225,11.130140834101994,9,83526.22222222222,767.1743246775438,9,95321.33333333333,319.02351010544754,9,11795.111111111111,448.1686190610752,9,108950.63987777778,1047.066023764998,9,0.0,0.0,9,1.0,0.0,9
unknown,1767094626,nano,kv_cache,384,1024,5211.235966666666,220.00313679245608,9,0.0,0.0,9,15.500711111111109,0.822650552246281,9,21423.4752,795.4749258652754,9,47.811611111111105,1.8270103820479806,9,20.51858888888889,1.033543843342463,9,25.985555555555557,0.9742560085920825,9,131980.0,38.78143885932913,9,139200.88888888888,1849.2136466917773,9,7220.888888888889,1833.0169423960901,9,26634.711166666664,911.785878510037,9,0.19570499850402034,0.006681178430541465,9,0.8042950014959795,0.0066811784305415385,9
unknown,1767094626,nano,no_cache,384,1024,0.0,0.0,9,0.0,0.0,9,95.2500888888889,8.589459764508536,9,253942.11601111112,1249.599438145635,9,4.028577777777778,0.019784449561320604,9,235.90404444444442,2.7813510948418196,9,431.71596666666665,1.7063343876567558,9,104662.66666666667,82.21921916437611,9,131976.88888888888,41.60662340434544,9,27314.222222222223,49.72368092211674,9,253942.11601111112,1249.599438145635,9,0.0,0.0,9,1.0,0.0,9
unknown,1767094626,tau,kv_cache,384,1024,4762.109666666667,177.0079036290895,9,0.0,0.0,9,13.55808888888889,0.9955887622965169,9,16080.727355555557,729.9949519873529,9,63.731833333333334,2.859944609603482,9,15.658966666666666,0.7085441041318455,9,18.253444444444444,0.8579213077420206,9,120955.11111111111,9.333333333332412,9,120955.11111111111,9.333333333332412,9,0.0,0.0,9,20842.837022222222,700.8497728371046,9,0.2287137470166393,0.011489490188591493,9,0.7712862529833607,0.011489490188591503,9
unknown,1767094626,tau,no_cache,384,1024,0.0,0.0,9,0.0,0.0,9,124.25623333333334,7.423041814344036,9,324046.8569444444,810.2848108150716,9,3.1569777777777777,0.007895533195702758,9,309.7832,5.457919013461093,9,516.8949,2.0296897589286793,9,120952.0,10.39230484540652,9,120952.88888888889,8.666666666669203,9,0.8888888888888888,2.666666666666667,9,324046.8569444444,810.2848108150716,9,0.0,0.0,9,1.0,0.0,9
unknown,1767102282,nano,kv_cache,384,128,25288.703655555557,259.0723555386566,9,0.0,0.0,9,69.33508888888889,1.463848544457765,9,8912.953466666666,130.90518075029513,9,14.251666666666665,0.20929789177151278,9,70.11576666666666,1.006324506558398,9,72.42932222222221,1.217734294476609,9,238340.0,1026.5320258033978,9,238531.55555555556,1036.168797917488,9,191.55555555555554,436.3826048065823,9,34201.65712222222,374.3082636462112,9,0.7394064602473585,0.001647397059544274,9,0.26059353975264155,0.001647397059544247,9
unknown,1767102282,nano,no_cache,384,128,0.0,0.0,9,0.0,0.0,9,276.3014444444444,14.483819005282328,9,39455.10125555555,300.8234650314446,9,3.2190222222222222,0.024537409081735583,9,308.4055222222222,3.0875362992917856,9,342.3796888888889,3.913666607046536,9,238233.77777777778,1088.8693422281847,9,238337.33333333334,1029.7902699093452,9,103.55555555555556,70.83627444874396,9,39455.10125555555,300.8234650314446,9,0.0,0.0,9,1.0,0.0,9
unknown,1767102282,tau,kv_cache,384,128,25010.21071111111,178.67370033592374,9,0.0,0.0,9,66.65386666666667,1.266507702305836,9,8445.202844444444,87.9294400254419,9,15.0396,0.15874404713248313,9,66.41327777777778,0.6910671056015031,9,68.36364444444445,0.9202791765425264,9,235515.11111111112,268.0431142766212,9,235580.0,157.34039532173736,9,64.88888888888889,128.10585900383757,9,33455.413555555555,236.27667758942047,9,0.7475698490927356,0.0017199154717322937,9,0.2524301509072643,0.0017199154717323193,9
unknown,1767102282,tau,no_cache,384,128,0.0,0.0,9,0.0,0.0,9,331.5647222222222,28.6023662528023,9,46681.92865555556,506.71702587780607,9,2.7208222222222225,0.029436362622519224,9,365.0316555555556,4.230408084662495,9,412.47076666666663,12.446803182042359,9,235513.77777777778,268.6046247636873,9,235514.22222222222,268.8651045495551,9,0.4444444444444444,1.3333333333333335,9,46681.92865555556,506.71702587780607,9,0.0,0.0,9,1.0,0.0,9
unknown,1767104587,nano,kv_cache,384,256,25139.345155555555,383.05282140867996,9,0.0,0.0,9,68.42527777777778,1.6044025303658827,9,18332.853988888888,279.40722156406235,9,13.912355555555555,0.2135314678865336,9,71.80957777777778,1.16538489218989,9,76.37647777777778,2.1241286930043697,9,230392.0,2085.4678132255917,9,236342.22222222222,1923.157935387635,9,5950.222222222223,357.97268672965055,9,43472.19914444444,600.5927386854039,9,0.5782826172528188,0.003161701719756885,9,0.4217173827471812,0.0031617017197568664,9
unknown,1767104587,nano,no_cache,384,256,0.0,0.0,9,0.0,0.0,9,277.91459999999995,16.450970979854038,9,101627.66303333333,901.8743339959325,9,2.509322222222222,0.02226122064138536,9,362.4640444444445,9.129732861933997,9,549.6988111111111,10.139490372356569,9,236120.0,2088.482702825173,9,230389.77777777778,2087.8727079121536,9,-5730.222222222223,4.521553322083551,9,101627.66303333333,901.8743339959325,9,0.0,0.0,9,1.0,0.0,9
unknown,1767104587,tau,kv_cache,384,256,24648.360244444444,509.88660427695845,9,0.0,0.0,9,64.9833888888889,1.9332826244786654,9,16838.665344444442,382.6898633664872,9,15.150744444444443,0.348618993713449,9,66.04706666666667,1.5022262088314087,9,68.1416,1.4637493552517744,9,224383.55555555556,4.2163702135561065,9,230109.33333333334,3.464101615138855,9,5725.777777777777,7.512951779723075,9,41487.025588888886,822.6823981359621,9,0.5941264914447965,0.004128444685405392,9,0.4058735085552036,0.0041284446854053655,9
unknown,1767104587,tau,no_cache,384,256,0.0,0.0,9,0.0,0.0,9,321.67696666666666,23.061295413907267,9,117540.32057777776,778.5747707373716,9,2.1695444444444445,0.01437707472950522,9,422.3969333333333,2.9676759619271094,9,650.3940333333334,28.33246910075083,9,230109.77777777778,4.521553322070547,9,224383.55555555556,4.2163702135561065,9,-5726.222222222223,8.273115763994337,9,117540.32057777776,778.5747707373716,9,0.0,0.0,9,1.0,0.0,9
unknown,1767204018,nano,kv_cache,768,2048,12406.333633333334,565.0822086193159,3,0.0,0.0,3,20.463233333333335,2.2445213171928957,3,71161.98803333333,727.7926529098015,3,28.767366666666664,0.295872765447131,3,35.0494,0.5520958159595125,3,49.0139,0.6080695930565856,3,244049.33333333334,4168.476620221507,3,300666.6666666667,4052.934410193841,3,56617.333333333336,144.90456629565992,3,83568.32166666667,1239.4301490172984,3,0.14841587520746083,0.004712000783113634,3,0.8515841247925392,0.004712000783113537,3
unknown,1767204018,nano,kv_cache,1152,2048,21415.753833333332,593.8413264051705,3,0.0,0.0,3,25.947466666666667,0.9528782835878528,3,83434.95713333333,596.2232455280587,3,24.53493333333333,0.17580433252151062,3,40.51486666666667,1.4554451976399974,3,54.67346666666666,0.8053837925693167,3,265757.3333333333,2372.0011242268347,3,325545.3333333333,2368.7307431055456,3,59788.0,1453.5859107737665,3,104850.71096666668,276.1593525202003,3,0.20424866629237168,0.005568966264623693,3,0.7957513337076283,0.005568966264623623,3
unknown,1767204018,nano,no_cache,768,2048,0.0,0.0,3,0.0,0.0,3,239.8339,74.44262125039661,3,1632312.4129,29165.05627218217,3,1.2543,0.022181298429082095,3,679.1886333333333,12.801732155194172,3,1643.856,4.173523231036276,3,207830.66666666666,103598.92094676147,3,227290.66666666666,30305.267484932938,3,19460.0,73328.12142691233,3,1632312.4129,29165.05627218217,3,0.0,0.0,3,1.0,0.0,3
unknown,1767204018,nano,no_cache,1152,2048,0.0,0.0,3,0.0,0.0,3,340.67306666666667,9.920044533334217,3,2294070.657233333,6196.372406759548,3,0.8923,0.0024269322199023105,3,1000.5637333333334,2.195342365858501,3,2182.7499000000003,3.410881503365469,3,282980.0,11782.299945256867,3,265753.3333333333,2374.000280819985,3,-17226.666666666668,9660.436705104657,3,2294070.657233333,6196.372406759548,3,0.0,0.0,3,1.0,0.0,3
unknown,1767204018,tau,kv_cache,768,2048,10576.514633333334,336.3805440072352,3,0.0,0.0,3,15.224733333333333,1.0023305060374705,3,42286.69403333333,494.49500802965764,3,48.4121,0.5695562570984496,3,20.2572,0.2862207714335201,3,25.8977,0.42301663087873953,3,219220.0,3809.0775786271406,3,268238.6666666667,1947.7508396438482,3,49018.666666666664,2513.962078738129,3,52863.208666666666,830.5329277393733,3,0.20003927942674923,0.0032527426092440093,3,0.7999607205732507,0.0032527426092439815,3
unknown,1767204018,tau,kv_cache,1152,2048,17504.458066666666,462.59918413940534,3,0.0,0.0,3,17.821633333333335,0.6017868088728189,3,46413.89369999999,771.9803858361415,3,44.111266666666666,0.7286178445065242,3,22.595166666666668,0.4853728601120317,3,28.124066666666668,0.26135715665222015,3,236300.0,10432.454744689765,3,290070.6666666667,1373.913146211697,3,53770.666666666664,9798.99777188123,3,63918.35176666667,1156.827032573851,3,0.2738384685163171,0.003610464654584779,3,0.726161531483683,0.0036104646545847374,3
unknown,1767204018,tau,no_cache,768,2048,0.0,0.0,3,0.0,0.0,3,285.1955666666667,34.87148785416723,3,1818429.3954,2783.3756553110675,3,1.1256666666666666,0.001715614564327607,3,775.4102666666668,1.448490719105013,3,1756.3129,4.748562014968332,3,227296.0,30303.18583911599,3,244049.33333333334,4168.476620221507,3,16753.333333333332,26141.808455677532,3,1818429.3954,2783.3756553110675,3,0.0,0.0,3,1.0,0.0,3
unknown,1767204018,tau,no_cache,1152,2048,0.0,0.0,3,0.0,0.0,3,416.5731333333333,6.4475426678180074,3,2513500.4976666667,3129.325013042371,3,0.8144333333333332,0.001006644591369407,3,1116.1232333333335,7.349686737768643,3,2306.2568666666666,3.166618652969403,3,265753.3333333333,2374.000280819985,3,265756.0,2372.0,3,2.6666666666666665,2.3094010767585034,3,2513500.4976666667,3129.325013042371,3,0.0,0.0,3,1.0,0.0,3
