run_id,engine,mode,prompt_id,prompt_len,gen_tokens,prefill_ms,prime_ms,ttft_ms,decode_total_ms,tokens_per_sec,decode_tokens_per_sec,end_to_end_ms,p50_token_ms,p95_token_ms,rss_before_mb,rss_after_mb,experiment,device,variant,timestamp,total_ms,prefill_share,decode_share,rss_delta_mb
1,nano,no_cache,p1,384,128,0.0,0.0,87.3014,13183.3541,9.6334,9.6334,13270.6556,103.6697,113.5567,88780.0,90308.0,1767066084,unknown,1767066084,1767066084,13183.3541,0.0,1.0,1528.0
2,nano,kv_cache,p1,384,128,5369.2742,0.0,18.0713,2046.6453,62.0528,62.0528,7433.9907,16.084,17.7195,90312.0,97176.0,1767066084,unknown,1767066084,1767066084,7415.9195,0.7240200220619978,0.27597997793800216,6864.0
3,nano,no_cache,p1,384,128,0.0,0.0,91.773,13010.0015,9.7617,9.7617,13101.7744,101.9212,114.2127,85080.0,90332.0,1767066084,unknown,1767066084,1767066084,13010.0015,0.0,1.0,5252.0
4,nano,kv_cache,p1,384,128,5327.3694,0.0,15.0827,2165.8732,58.6369,58.6369,7508.3253,17.3,18.3583,90332.0,97852.0,1767066084,unknown,1767066084,1767066084,7493.2426,0.7109564823111426,0.28904351768885744,7520.0
5,nano,no_cache,p1,384,128,0.0,0.0,88.2623,12974.2914,9.7886,9.7886,13062.5538,101.5018,113.4257,88164.0,90352.0,1767066084,unknown,1767066084,1767066084,12974.2914,0.0,1.0,2188.0
6,nano,kv_cache,p1,384,128,5085.2701,0.0,17.0165,2305.3378,55.0895,55.0895,7407.6243,18.1795,19.9224,90352.0,97912.0,1767066084,unknown,1767066084,1767066084,7390.607899999999,0.6880719649597431,0.31192803504025696,7560.0
7,nano,no_cache,p2,384,128,0.0,0.0,91.0829,12986.9715,9.779,9.779,13078.0544,102.4408,116.5003,85136.0,90380.0,1767066084,unknown,1767066084,1767066084,12986.9715,0.0,1.0,5244.0
8,nano,kv_cache,p2,384,128,5177.1804,0.0,18.9793,2221.3547,57.1723,57.1723,7417.5144,17.5407,19.0569,90380.0,97616.0,1767066084,unknown,1767066084,1767066084,7398.5351,0.6997574965887504,0.3002425034112496,7236.0
9,nano,no_cache,p2,384,128,0.0,0.0,96.7277,13074.6734,9.7134,9.7134,13171.4011,103.5108,115.0181,85156.0,90412.0,1767066084,unknown,1767066084,1767066084,13074.6734,0.0,1.0,5256.0
10,nano,kv_cache,p2,384,128,5635.6957,0.0,17.1563,2196.4927,57.8195,57.8195,7849.3447,17.1563,18.772,90412.0,97248.0,1767066084,unknown,1767066084,1767066084,7832.1884,0.7195556863775137,0.2804443136224864,6836.0
11,nano,no_cache,p2,384,128,0.0,0.0,91.7229,13139.1917,9.6657,9.6657,13230.9146,103.5756,114.9036,85176.0,90436.0,1767066084,unknown,1767066084,1767066084,13139.1917,0.0,1.0,5260.0
12,nano,kv_cache,p2,384,128,5183.2411,0.0,16.5616,2063.1999,61.5549,61.5549,7263.0027,16.0814,17.9971,90436.0,97308.0,1767066084,unknown,1767066084,1767066084,7246.441000000001,0.7152809358414702,0.28471906415852966,6872.0
13,nano,no_cache,p3,384,128,0.0,0.0,88.8639,13045.5014,9.7352,9.7352,13134.3653,101.4551,116.1312,85224.0,90468.0,1767066084,unknown,1767066084,1767066084,13045.5014,0.0,1.0,5244.0
14,nano,kv_cache,p3,384,128,5062.1862,0.0,16.1938,2073.572,61.247,61.247,7151.952,16.2592,17.9518,90468.0,97980.0,1767066084,unknown,1767066084,1767066084,7135.7582,0.7094111176581067,0.2905888823418933,7512.0
15,nano,no_cache,p3,384,128,0.0,0.0,106.5616,13258.3565,9.5789,9.5789,13364.9181,104.1867,116.4821,85228.0,90468.0,1767066084,unknown,1767066084,1767066084,13258.3565,0.0,1.0,5240.0
16,nano,kv_cache,p3,384,128,5052.8105,0.0,16.7146,2019.5468,62.8854,62.8854,7089.072,15.9177,17.0126,90468.0,97480.0,1767066084,unknown,1767066084,1767066084,7072.3573,0.7144450266956959,0.28555497330430407,7012.0
17,nano,no_cache,p3,384,128,0.0,0.0,90.9072,13035.2818,9.7428,9.7428,13126.189,102.7042,115.3022,85228.0,90472.0,1767066084,unknown,1767066084,1767066084,13035.2818,0.0,1.0,5244.0
18,nano,kv_cache,p3,384,128,5220.6309,0.0,16.705,2010.1903,63.1781,63.1781,7247.5261,15.9555,16.9293,90484.0,97972.0,1767066084,unknown,1767066084,1767066084,7230.8212,0.7219969565835759,0.2780030434164241,7488.0
19,tau,no_cache,p1,384,128,0.0,0.0,135.8699,17883.9375,7.1013,7.1013,18019.8073,141.5757,158.5206,86008.0,86008.0,1767066084,unknown,1767066084,1767066084,17883.9375,0.0,1.0,0.0
20,tau,kv_cache,p1,384,128,5083.6061,0.0,13.1574,1812.0499,70.0864,70.0864,6908.8134,14.3103,15.7828,86028.0,86028.0,1767066084,unknown,1767066084,1767066084,6895.656,0.7372186344562431,0.2627813655437568,0.0
21,tau,no_cache,p1,384,128,0.0,0.0,122.7385,18371.2698,6.913,6.913,18494.0083,142.4543,170.681,86028.0,86028.0,1767066084,unknown,1767066084,1767066084,18371.2698,0.0,1.0,0.0
22,tau,kv_cache,p1,384,128,5087.1663,0.0,13.3715,1813.4462,70.0324,70.0324,6913.984,14.3906,15.6276,86028.0,86028.0,1767066084,unknown,1767066084,1767066084,6900.6125,0.7372050379585869,0.262794962041413,0.0
23,tau,no_cache,p1,384,128,0.0,0.0,121.4486,18648.9407,6.81,6.81,18770.3894,142.9101,172.4316,86028.0,86028.0,1767066084,unknown,1767066084,1767066084,18648.9407,0.0,1.0,0.0
24,tau,kv_cache,p1,384,128,4754.1488,0.0,12.7227,1698.1142,74.7888,74.7888,6464.9857,13.4136,14.5251,86028.0,86028.0,1767066084,unknown,1767066084,1767066084,6452.263,0.7368188184517587,0.26318118154824127,0.0
25,tau,no_cache,p2,384,128,0.0,0.0,118.268,18149.0491,6.9976,6.9976,18267.3171,142.2247,162.4185,86116.0,86116.0,1767066084,unknown,1767066084,1767066084,18149.0491,0.0,1.0,0.0
26,tau,kv_cache,p2,384,128,4783.7189,0.0,12.4588,1803.3605,70.4241,70.4241,6599.5382,13.9914,15.7118,86116.0,86116.0,1767066084,unknown,1767066084,1767066084,6587.0794,0.7262276055151241,0.27377239448487595,0.0
27,tau,no_cache,p2,384,128,0.0,0.0,135.7362,18691.0965,6.7947,6.7947,18826.8327,147.3654,170.8087,86116.0,86120.0,1767066084,unknown,1767066084,1767066084,18691.0965,0.0,1.0,4.0
28,tau,kv_cache,p2,384,128,4991.7254,0.0,14.4109,1880.7351,67.5268,67.5268,6886.8714,14.6518,15.8459,86120.0,86120.0,1767066084,unknown,1767066084,1767066084,6872.4605,0.7263374449369334,0.2736625550630666,0.0
29,tau,no_cache,p2,384,128,0.0,0.0,125.0207,18434.6424,6.8892,6.8892,18559.6631,143.3034,168.7779,86120.0,86120.0,1767066084,unknown,1767066084,1767066084,18434.6424,0.0,1.0,0.0
30,tau,kv_cache,p2,384,128,5022.7146,0.0,14.0401,1801.2248,70.5076,70.5076,6837.9795,14.199,15.4286,86120.0,87076.0,1767066084,unknown,1767066084,1767066084,6823.9394,0.7360432597042114,0.26395674029578864,956.0
31,tau,no_cache,p3,384,128,0.0,0.0,121.8907,18009.4323,7.0519,7.0519,18131.323,139.6766,158.0939,87088.0,87088.0,1767066084,unknown,1767066084,1767066084,18009.4323,0.0,1.0,0.0
32,tau,kv_cache,p3,384,128,4837.9972,0.0,11.9509,1778.4254,71.4115,71.4115,6628.3734,13.5254,15.7401,87088.0,87864.0,1767066084,unknown,1767066084,1767066084,6616.4226,0.7312104278224308,0.2687895721775692,776.0
33,tau,no_cache,p3,384,128,0.0,0.0,119.2223,18592.8578,6.8306,6.8306,18712.0801,143.1787,171.7753,87864.0,87864.0,1767066084,unknown,1767066084,1767066084,18592.8578,0.0,1.0,0.0
34,tau,kv_cache,p3,384,128,4989.2821,0.0,14.6013,1850.3409,68.636,68.636,6854.2243,14.6013,15.602,87864.0,87864.0,1767066084,unknown,1767066084,1767066084,6839.6230000000005,0.7294674136279149,0.2705325863720851,0.0
35,tau,no_cache,p3,384,128,0.0,0.0,131.2245,18729.726,6.7807,6.7807,18860.9505,148.2869,166.7352,87864.0,87868.0,1767066084,unknown,1767066084,1767066084,18729.726,0.0,1.0,4.0
36,tau,kv_cache,p3,384,128,5059.0562,0.0,14.0589,1895.02,67.0178,67.0178,6968.135,14.9039,15.8673,87868.0,87868.0,1767066084,unknown,1767066084,1767066084,6954.0761999999995,0.7274950769161834,0.2725049230838167,0.0
1,nano,no_cache,p1,384,256,0.0,0.0,87.5623,30291.8885,8.4181,8.4181,30379.4508,120.4034,147.6021,96040.0,96156.0,1767089337,unknown,1767089337,1767089337,30291.8885,0.0,1.0,116.0
2,nano,kv_cache,p1,384,256,5309.1448,0.0,16.6631,4677.6822,54.5142,54.5142,10003.49,18.3646,20.1075,96160.0,106220.0,1767089337,unknown,1767089337,1767089337,9986.827000000001,0.5316147761446153,0.46838522385538467,10060.0
3,nano,no_cache,p1,384,256,0.0,0.0,94.8604,30310.3552,8.413,8.413,30405.2156,120.3313,143.7006,95212.0,95220.0,1767089337,unknown,1767089337,1767089337,30310.3552,0.0,1.0,8.0
4,nano,kv_cache,p1,384,256,5060.3617,0.0,14.4598,4268.2232,59.7438,59.7438,9343.0447,16.6954,18.4958,95224.0,106324.0,1767089337,unknown,1767089337,1767089337,9328.584900000002,0.5424575918261728,0.4575424081738271,11100.0
5,nano,no_cache,p1,384,256,0.0,0.0,87.248,30453.9052,8.3733,8.3733,30541.1532,121.5883,148.9444,94276.0,94288.0,1767089337,unknown,1767089337,1767089337,30453.9052,0.0,1.0,12.0
6,nano,kv_cache,p1,384,256,5278.9728,0.0,14.8397,4471.9927,57.0216,57.0216,9765.8053,17.4878,19.6676,94288.0,106028.0,1767089337,unknown,1767089337,1767089337,9750.965499999998,0.5413794972405553,0.45862050275944477,11740.0
7,nano,no_cache,p2,384,256,0.0,0.0,112.5975,30461.3103,8.3713,8.3713,30573.9078,120.9782,144.6478,87608.0,93620.0,1767089337,unknown,1767089337,1767089337,30461.3103,0.0,1.0,6012.0
8,nano,kv_cache,p2,384,256,5144.0633,0.0,14.8142,4253.6885,59.948,59.948,9412.5661,16.6071,18.867,93620.0,106060.0,1767089337,unknown,1767089337,1767089337,9397.7518,0.5473716915996866,0.4526283084003134,12440.0
9,nano,no_cache,p2,384,256,0.0,0.0,87.595,30145.5281,8.459,8.459,30233.1232,117.4066,146.2407,87620.0,93648.0,1767089337,unknown,1767089337,1767089337,30145.5281,0.0,1.0,6028.0
10,nano,kv_cache,p2,384,256,5218.0793,0.0,14.9293,4391.3041,58.0693,58.0693,9624.3127,16.6405,20.1837,93648.0,106748.0,1767089337,unknown,1767089337,1767089337,9609.3834,0.5430191597933328,0.4569808402066672,13100.0
11,nano,no_cache,p2,384,256,0.0,0.0,88.2542,30261.0378,8.4267,8.4267,30349.292,120.9332,146.022,87640.0,93664.0,1767089337,unknown,1767089337,1767089337,30261.0378,0.0,1.0,6024.0
12,nano,kv_cache,p2,384,256,5066.6195,0.0,13.1029,4404.5459,57.8947,57.8947,9484.2683,18.0424,19.4691,93664.0,106380.0,1767089337,unknown,1767089337,1767089337,9471.1654,0.534952066194515,0.46504793380548504,12716.0
13,nano,no_cache,p3,384,256,0.0,0.0,88.5079,30569.2795,8.3417,8.3417,30657.7875,123.0711,148.8897,90032.0,96056.0,1767089337,unknown,1767089337,1767089337,30569.2795,0.0,1.0,6024.0
14,nano,kv_cache,p3,384,256,5429.6214,0.0,18.1522,4617.2466,55.2277,55.2277,10065.0202,18.3508,20.3257,96060.0,108584.0,1767089337,unknown,1767089337,1767089337,10046.868,0.5404292561622189,0.4595707438377811,12524.0
15,nano,no_cache,p3,384,256,0.0,0.0,91.5994,30867.7795,8.261,8.261,30959.3789,121.1536,148.4575,91968.0,96060.0,1767089337,unknown,1767089337,1767089337,30867.7795,0.0,1.0,4092.0
16,nano,kv_cache,p3,384,256,5198.3668,0.0,15.0129,4361.5424,58.4656,58.4656,9574.9221,17.186,19.4005,96060.0,109136.0,1767089337,unknown,1767089337,1767089337,9559.9092,0.5437673822257643,0.4562326177742358,13076.0
17,nano,no_cache,p3,384,256,0.0,0.0,91.5545,30296.4734,8.4168,8.4168,30388.0279,120.087,142.7274,96756.0,96756.0,1767089337,unknown,1767089337,1767089337,30296.4734,0.0,1.0,0.0
18,nano,kv_cache,p3,384,256,5132.8138,0.0,15.145,4359.1635,58.4975,58.4975,9507.1223,16.7746,20.335,96756.0,109672.0,1767089337,unknown,1767089337,1767089337,9491.977299999999,0.5407528524114781,0.459247147588522,12916.0
19,tau,no_cache,p1,384,256,0.0,0.0,139.6565,43435.9911,5.8707,5.8707,43575.6476,165.5601,219.6482,92564.0,92572.0,1767089337,unknown,1767089337,1767089337,43435.9911,0.0,1.0,8.0
20,tau,kv_cache,p1,384,256,4856.1061,0.0,12.1896,3580.1093,71.2269,71.2269,8448.405,14.0186,15.4331,92572.0,92576.0,1767089337,unknown,1767089337,1767089337,8436.215400000001,0.5756261391808464,0.4243738608191535,4.0
21,tau,no_cache,p1,384,256,0.0,0.0,130.4649,43640.6608,5.8432,5.8432,43771.1257,171.298,223.7723,92576.0,92576.0,1767089337,unknown,1767089337,1767089337,43640.6608,0.0,1.0,0.0
22,tau,kv_cache,p1,384,256,4807.648,0.0,12.0131,3470.076,73.4854,73.4854,8289.7371,13.7341,15.6113,92580.0,92580.0,1767089337,unknown,1767089337,1767089337,8277.724,0.5807934644837156,0.4192065355162844,0.0
23,tau,no_cache,p1,384,256,0.0,0.0,124.7662,42659.3619,5.9776,5.9776,42784.1281,168.938,196.9424,92580.0,92580.0,1767089337,unknown,1767089337,1767089337,42659.3619,0.0,1.0,0.0
24,tau,kv_cache,p1,384,256,4694.1237,0.0,12.4255,3655.6267,69.7555,69.7555,8362.1759,14.638,15.9112,92580.0,92580.0,1767089337,unknown,1767089337,1767089337,8349.7504,0.5621873080182133,0.4378126919817866,0.0
25,tau,no_cache,p2,384,256,0.0,0.0,131.2756,43672.0251,5.839,5.839,43803.3007,175.6419,216.1896,92584.0,92584.0,1767089337,unknown,1767089337,1767089337,43672.0251,0.0,1.0,0.0
26,tau,kv_cache,p2,384,256,5132.2599,0.0,13.9191,3862.9227,66.0122,66.0122,9009.1017,15.0968,16.2857,92584.0,92588.0,1767089337,unknown,1767089337,1767089337,8995.1826,0.5705564998758336,0.4294435001241665,4.0
27,tau,no_cache,p2,384,256,0.0,0.0,122.7984,44315.514,5.7542,5.7542,44438.3123,174.0581,223.3175,92588.0,92592.0,1767089337,unknown,1767089337,1767089337,44315.514,0.0,1.0,4.0
28,tau,kv_cache,p2,384,256,5061.0436,0.0,12.4559,3497.9968,72.8989,72.8989,8571.4963,13.5462,14.9871,92600.0,92600.0,1767089337,unknown,1767089337,1767089337,8559.0404,0.5913096986900541,0.40869030130994594,0.0
29,tau,no_cache,p2,384,256,0.0,0.0,128.2896,43057.5858,5.9223,5.9223,43185.8754,167.7054,214.0295,92600.0,92600.0,1767089337,unknown,1767089337,1767089337,43057.5858,0.0,1.0,0.0
30,tau,kv_cache,p2,384,256,4764.2122,0.0,12.4536,3467.5824,73.5383,73.5383,8244.2482,13.5804,14.4205,92600.0,92604.0,1767089337,unknown,1767089337,1767089337,8231.7946,0.5787574194331817,0.42124258056681835,4.0
31,tau,no_cache,p3,384,256,0.0,0.0,138.9864,43076.6166,5.9197,5.9197,43215.603,165.7801,222.3556,92604.0,92604.0,1767089337,unknown,1767089337,1767089337,43076.6166,0.0,1.0,0.0
32,tau,kv_cache,p3,384,256,4813.4627,0.0,11.8005,3394.5151,75.1212,75.1212,8219.7784,13.1506,14.8481,92604.0,92604.0,1767089337,unknown,1767089337,1767089337,8207.9778,0.5864371002562896,0.4135628997437103,0.0
33,tau,no_cache,p3,384,256,0.0,0.0,124.2214,43770.8814,5.8258,5.8258,43895.1028,171.1681,220.0503,92604.0,92604.0,1767089337,unknown,1767089337,1767089337,43770.8814,0.0,1.0,0.0
34,tau,kv_cache,p3,384,256,4702.4116,0.0,12.977,3679.1492,69.3095,69.3095,8394.5379,14.4812,16.0967,92604.0,92604.0,1767089337,unknown,1767089337,1767089337,8381.5608,0.5610424731393705,0.4389575268606296,0.0
35,tau,no_cache,p3,384,256,0.0,0.0,140.5901,44168.7373,5.7733,5.7733,44309.3274,173.7904,214.9713,92604.0,92604.0,1767089337,unknown,1767089337,1767089337,44168.7373,0.0,1.0,0.0
36,tau,kv_cache,p3,384,256,4704.5417,0.0,11.5733,3666.7206,69.5444,69.5444,8382.8356,14.2754,16.3411,92604.0,92604.0,1767089337,unknown,1767089337,1767089337,8371.2623,0.5619871330516067,0.4380128669483932,0.0
1,nano,no_cache,p1,384,512,0.0,0.0,102.2196,79110.6309,6.4593,6.4593,79212.8505,157.478,220.4869,100848.0,104896.0,1767090496,unknown,1767090496,1767090496,79110.6309,0.0,1.0,4048.0
2,nano,kv_cache,p1,384,512,5458.9582,0.0,16.4409,9583.29,53.322,53.322,15058.6891,19.106,21.9597,104908.0,116160.0,1767090496,unknown,1767090496,1767090496,15042.248200000002,0.36290839822733406,0.6370916017726659,11252.0
3,nano,no_cache,p1,384,512,0.0,0.0,89.9935,80076.8074,6.3814,6.3814,80166.8009,156.4238,223.6834,92976.0,104932.0,1767090496,unknown,1767090496,1767090496,80076.8074,0.0,1.0,11956.0
4,nano,kv_cache,p1,384,512,5196.4221,0.0,14.3535,9803.6589,52.1234,52.1234,15014.4344,19.5391,22.3012,104936.0,116180.0,1767090496,unknown,1767090496,1767090496,15000.081,0.3464262692981458,0.6535737307018542,11244.0
5,nano,no_cache,p1,384,512,0.0,0.0,92.1588,80263.1364,6.3666,6.3666,80355.2952,157.0154,222.7221,92996.0,104960.0,1767090496,unknown,1767090496,1767090496,80263.1364,0.0,1.0,11964.0
6,nano,kv_cache,p1,384,512,5216.9035,0.0,14.5808,9564.6079,53.4261,53.4261,14796.0922,18.9573,21.6084,104964.0,115184.0,1767090496,unknown,1767090496,1767090496,14781.511400000001,0.3529343758446785,0.6470656241553215,10220.0
7,nano,no_cache,p2,384,512,0.0,0.0,87.6757,79491.2297,6.4284,6.4284,79578.9054,153.2171,221.8641,93032.0,104980.0,1767090496,unknown,1767090496,1767090496,79491.2297,0.0,1.0,11948.0
8,nano,kv_cache,p2,384,512,5156.4633,0.0,15.6783,9824.6724,52.0119,52.0119,14996.8141,19.4555,21.5185,104984.0,115916.0,1767090496,unknown,1767090496,1767090496,14981.135699999999,0.34419708914324837,0.6558029108567517,10932.0
9,nano,no_cache,p2,384,512,0.0,0.0,107.7556,79551.1269,6.4235,6.4235,79658.8825,151.9104,222.5575,93040.0,104984.0,1767090496,unknown,1767090496,1767090496,79551.1269,0.0,1.0,11944.0
10,nano,kv_cache,p2,384,512,5227.2823,0.0,14.5833,9291.8156,54.9946,54.9946,14533.6811,18.1186,21.5452,104984.0,115644.0,1767090496,unknown,1767090496,1767090496,14519.0979,0.3600280359015969,0.6399719640984031,10660.0
11,nano,no_cache,p2,384,512,0.0,0.0,106.0842,79466.5905,6.4304,6.4304,79572.6747,155.7071,221.2372,99756.0,104988.0,1767090496,unknown,1767090496,1767090496,79466.5905,0.0,1.0,5232.0
12,nano,kv_cache,p2,384,512,5018.1252,0.0,14.5512,9708.5721,52.6339,52.6339,14741.2485,19.2614,21.6567,104988.0,115928.0,1767090496,unknown,1767090496,1767090496,14726.6973,0.3407502101642301,0.6592497898357699,10940.0
13,nano,no_cache,p3,384,512,0.0,0.0,89.8119,79325.3009,6.4418,6.4418,79415.1128,153.6762,221.48,99760.0,104996.0,1767090496,unknown,1767090496,1767090496,79325.3009,0.0,1.0,5236.0
14,nano,kv_cache,p3,384,512,5361.1027,0.0,15.5581,9853.7547,51.8584,51.8584,15230.4155,19.0509,22.2784,104996.0,118360.0,1767090496,unknown,1767090496,1767090496,15214.8574,0.3523597072950549,0.647640292704945,13364.0
15,nano,no_cache,p3,384,512,0.0,0.0,94.18,79641.8107,6.4162,6.4162,79735.9906,157.1734,221.2875,101104.0,104996.0,1767090496,unknown,1767090496,1767090496,79641.8107,0.0,1.0,3892.0
16,nano,kv_cache,p3,384,512,5642.2446,0.0,16.8326,9789.0048,52.2014,52.2014,15448.0821,19.4523,21.1521,104996.0,115900.0,1767090496,unknown,1767090496,1767090496,15431.2494,0.3656375743625788,0.6343624256374212,10904.0
17,nano,no_cache,p3,384,512,0.0,0.0,88.1776,79775.0096,6.4055,6.4055,79863.1873,154.0256,223.8981,93052.0,104996.0,1767090496,unknown,1767090496,1767090496,79775.0096,0.0,1.0,11944.0
18,nano,kv_cache,p3,384,512,5232.7464,0.0,15.005,9640.9883,53.0029,53.0029,14888.7398,19.1017,21.3037,104996.0,117020.0,1767090496,unknown,1767090496,1767090496,14873.7347,0.35181119641726566,0.6481888035827343,12024.0
19,tau,no_cache,p1,384,512,0.0,0.0,139.0293,109442.4593,4.6691,4.6691,109581.4886,214.5851,308.5328,83268.0,95212.0,1767090496,unknown,1767090496,1767090496,109442.4593,0.0,1.0,11944.0
20,tau,kv_cache,p1,384,512,4995.0892,0.0,14.0035,7605.8944,67.1847,67.1847,12614.9871,15.0128,16.4062,95212.0,98120.0,1767090496,unknown,1767090496,1767090496,12600.9836,0.3964047060580255,0.6035952939419745,2908.0
21,tau,no_cache,p1,384,512,0.0,0.0,140.505,110523.8577,4.6234,4.6234,110664.3627,217.2283,316.8941,83268.0,95212.0,1767090496,unknown,1767090496,1767090496,110523.8577,0.0,1.0,11944.0
22,tau,kv_cache,p1,384,512,5103.8345,0.0,12.5745,7267.8793,70.3094,70.3094,12384.2882,14.1929,15.6858,95212.0,97004.0,1767090496,unknown,1767090496,1767090496,12371.7138,0.41254062149417003,0.58745937850583,1792.0
23,tau,no_cache,p1,384,512,0.0,0.0,120.7016,107239.0605,4.7651,4.7651,107359.7621,202.9382,293.252,83268.0,95212.0,1767090496,unknown,1767090496,1767090496,107239.0605,0.0,1.0,11944.0
24,tau,kv_cache,p1,384,512,4924.6172,0.0,14.2135,7522.6752,67.928,67.928,12461.5059,14.8355,16.6284,95212.0,98092.0,1767090496,unknown,1767090496,1767090496,12447.292399999998,0.3956376247737219,0.6043623752262782,2880.0
25,tau,no_cache,p2,384,512,0.0,0.0,122.5201,108420.9087,4.7131,4.7131,108543.4288,211.8256,317.1655,83268.0,95212.0,1767090496,unknown,1767090496,1767090496,108420.9087,0.0,1.0,11944.0
26,tau,kv_cache,p2,384,512,4483.9795,0.0,14.2409,7776.9623,65.7069,65.7069,12275.1826,15.4835,16.7059,95212.0,96960.0,1767090496,unknown,1767090496,1767090496,12260.9418,0.36571248547970436,0.6342875145202956,1748.0
27,tau,no_cache,p2,384,512,0.0,0.0,136.0743,109211.6904,4.679,4.679,109347.7648,211.2274,314.5246,83268.0,95212.0,1767090496,unknown,1767090496,1767090496,109211.6904,0.0,1.0,11944.0
28,tau,kv_cache,p2,384,512,4903.7233,0.0,13.9835,7402.0554,69.0349,69.0349,12319.7622,14.535,16.0724,95212.0,96980.0,1767090496,unknown,1767090496,1767090496,12305.778699999999,0.3984894755177094,0.6015105244822907,1768.0
29,tau,no_cache,p2,384,512,0.0,0.0,134.8264,109641.6799,4.6606,4.6606,109776.5063,210.8697,309.2248,83272.0,95220.0,1767090496,unknown,1767090496,1767090496,109641.6799,0.0,1.0,11948.0
30,tau,kv_cache,p2,384,512,5046.3923,0.0,14.2521,7710.8233,66.2705,66.2705,12771.4678,14.8622,17.0889,95220.0,97496.0,1767090496,unknown,1767090496,1767090496,12757.2156,0.3955716089018673,0.6044283910981327,2276.0
31,tau,no_cache,p3,384,512,0.0,0.0,123.1709,108796.0125,4.6969,4.6969,108919.1833,217.0709,294.3555,83276.0,95220.0,1767090496,unknown,1767090496,1767090496,108796.0125,0.0,1.0,11944.0
32,tau,kv_cache,p3,384,512,4462.843,0.0,12.3964,7935.9144,64.3908,64.3908,12411.1538,15.6488,17.3805,95220.0,98172.0,1767090496,unknown,1767090496,1767090496,12398.757399999999,0.35994276329658653,0.6400572367034135,2952.0
33,tau,no_cache,p3,384,512,0.0,0.0,123.5551,107619.9404,4.7482,4.7482,107743.4955,213.2315,289.667,83276.0,95220.0,1767090496,unknown,1767090496,1767090496,107619.9404,0.0,1.0,11944.0
34,tau,kv_cache,p3,384,512,4896.7457,0.0,11.5984,7343.6353,69.5841,69.5841,12251.9794,14.3001,16.0798,95220.0,98860.0,1767090496,unknown,1767090496,1767090496,12240.381000000001,0.40004847071345245,0.5999515292865475,3640.0
35,tau,no_cache,p3,384,512,0.0,0.0,133.9936,109660.1495,4.6599,4.6599,109794.1432,213.4313,295.074,85572.0,96172.0,1767090496,unknown,1767090496,1767090496,109660.1495,0.0,1.0,10600.0
36,tau,kv_cache,p3,384,512,4862.9356,0.0,14.5046,7725.9604,66.1406,66.1406,12603.4006,15.2393,16.9858,96172.0,100084.0,1767090496,unknown,1767090496,1767090496,12588.896,0.38628769353563647,0.6137123064643635,3912.0
1,nano,no_cache,p1,384,1024,0.0,0.0,106.1111,254006.5915,4.0275,4.0275,254112.7026,235.2269,431.6038,104464.0,131908.0,1767094626,unknown,1767094626,1767094626,254006.5915,0.0,1.0,27444.0
2,nano,kv_cache,p1,384,1024,5192.0303,0.0,15.1359,21550.8298,47.4692,47.4692,26757.996,20.9507,26.0743,131924.0,138228.0,1767094626,unknown,1767094626,1767094626,26742.860099999998,0.19414641069000696,0.8058535893099931,6304.0
3,nano,no_cache,p1,384,1024,0.0,0.0,95.7398,252801.6086,4.0467,4.0467,252897.3484,235.7768,430.4531,104640.0,131936.0,1767094626,unknown,1767094626,1767094626,252801.6086,0.0,1.0,27296.0
4,nano,kv_cache,p1,384,1024,5058.8119,0.0,15.9422,22369.797,45.7313,45.7313,27444.5512,21.6574,27.4801,131936.0,138244.0,1767094626,unknown,1767094626,1767094626,27428.6089,0.18443559855490885,0.8155644014450911,6308.0
5,nano,no_cache,p1,384,1024,0.0,0.0,87.7326,253871.1983,4.0296,4.0296,253958.9308,232.4057,432.8377,104644.0,131944.0,1767094626,unknown,1767094626,1767094626,253871.1983,0.0,1.0,27300.0
6,nano,kv_cache,p1,384,1024,4828.3798,0.0,14.2423,19880.8596,51.4565,51.4565,24723.4816,18.5335,24.327,131948.0,138240.0,1767094626,unknown,1767094626,1767094626,24709.2394,0.1954078683619861,0.8045921316380139,6292.0
7,nano,no_cache,p2,384,1024,0.0,0.0,108.8437,253734.4445,4.0318,4.0318,253843.2882,236.2728,431.888,104668.0,131960.0,1767094626,unknown,1767094626,1767094626,253734.4445,0.0,1.0,27292.0
8,nano,kv_cache,p2,384,1024,4991.8582,0.0,14.7288,21439.3324,47.716,47.716,26445.9194,20.9481,25.5543,131960.0,138248.0,1767094626,unknown,1767094626,1767094626,26431.190599999998,0.18886240410222005,0.81113759589778,6288.0
9,nano,no_cache,p2,384,1024,0.0,0.0,103.1359,256327.0524,3.991,3.991,256430.1883,240.8307,431.1513,104668.0,131992.0,1767094626,unknown,1767094626,1767094626,256327.0524,0.0,1.0,27324.0
10,nano,kv_cache,p2,384,1024,5310.6662,0.0,15.29,20517.0807,49.8609,49.8609,25843.0368,19.7038,24.7859,131992.0,138280.0,1767094626,unknown,1767094626,1767094626,25827.7469,0.2056186403158535,0.7943813596841465,6288.0
11,nano,no_cache,p2,384,1024,0.0,0.0,89.5464,254175.2861,4.0248,4.0248,254264.8326,232.8954,435.436,104700.0,131992.0,1767094626,unknown,1767094626,1767094626,254175.2861,0.0,1.0,27292.0
12,nano,kv_cache,p2,384,1024,5485.7243,0.0,16.2269,22288.0936,45.8989,45.8989,27790.0447,21.7736,26.5402,131996.0,142444.0,1767094626,unknown,1767094626,1767094626,27773.817900000002,0.19751423155978853,0.8024857684402114,10448.0
13,nano,no_cache,p3,384,1024,0.0,0.0,90.9792,255156.1415,4.0093,4.0093,255247.1207,238.5383,431.9448,104724.0,132016.0,1767094626,unknown,1767094626,1767094626,255156.1415,0.0,1.0,27292.0
14,nano,kv_cache,p3,384,1024,5293.7124,0.0,14.9463,21550.4421,47.47,47.47,26859.1008,20.9363,25.9818,132020.0,142480.0,1767094626,unknown,1767094626,1767094626,26844.1545,0.19720168128223223,0.8027983187177677,10460.0
15,nano,no_cache,p3,384,1024,0.0,0.0,87.3133,253356.714,4.0378,4.0378,253444.0273,237.6666,430.6698,104728.0,132020.0,1767094626,unknown,1767094626,1767094626,253356.714,0.0,1.0,27292.0
16,nano,kv_cache,p3,384,1024,5485.0309,0.0,16.6424,21364.8555,47.8824,47.8824,26866.5288,19.8152,26.5419,132020.0,138320.0,1767094626,unknown,1767094626,1767094626,26849.886400000003,0.20428506915396108,0.7957149308460388,6300.0
17,nano,no_cache,p3,384,1024,0.0,0.0,87.8488,252050.0072,4.0587,4.0587,252137.856,233.5232,429.4592,104728.0,132024.0,1767094626,unknown,1767094626,1767094626,252050.0072,0.0,1.0,27296.0
18,nano,kv_cache,p3,384,1024,5254.9097,0.0,16.3516,21849.9861,46.8193,46.8193,27121.2475,20.3487,26.5845,132024.0,138324.0,1767094626,unknown,1767094626,1767094626,27104.8958,0.19387308251522592,0.806126917484774,6300.0
19,tau,no_cache,p1,384,1024,0.0,0.0,117.3167,322605.6405,3.1711,3.1711,322722.9572,303.38,514.7434,120932.0,120940.0,1767094626,unknown,1767094626,1767094626,322605.6405,0.0,1.0,8.0
20,tau,kv_cache,p1,384,1024,4718.0652,0.0,12.9809,16113.6717,63.4865,63.4865,20844.7177,15.9553,17.7435,120944.0,120944.0,1767094626,unknown,1767094626,1767094626,20831.7369,0.22648448483429148,0.7735155151657086,0.0
21,tau,no_cache,p1,384,1024,0.0,0.0,137.4175,323961.8682,3.1578,3.1578,324099.2857,312.6739,516.3065,120944.0,120944.0,1767094626,unknown,1767094626,1767094626,323961.8682,0.0,1.0,0.0
22,tau,kv_cache,p1,384,1024,4915.977,0.0,14.3319,15328.8742,66.7368,66.7368,20259.1832,14.8275,17.0426,120944.0,120944.0,1767094626,unknown,1767094626,1767094626,20244.8512,0.24282603766433214,0.7571739623356678,0.0
23,tau,no_cache,p1,384,1024,0.0,0.0,121.0547,323820.9399,3.1592,3.1592,323941.9946,308.3411,520.5331,120944.0,120944.0,1767094626,unknown,1767094626,1767094626,323820.9399,0.0,1.0,0.0
24,tau,kv_cache,p1,384,1024,4941.1481,0.0,14.1349,16395.4729,62.3953,62.3953,21350.7559,15.8726,18.2225,120944.0,120944.0,1767094626,unknown,1767094626,1767094626,21336.621,0.23158062844158878,0.7684193715584113,0.0
25,tau,no_cache,p2,384,1024,0.0,0.0,119.9261,324452.7105,3.153,3.153,324572.6366,310.1199,516.767,120952.0,120952.0,1767094626,unknown,1767094626,1767094626,324452.7105,0.0,1.0,0.0
26,tau,kv_cache,p2,384,1024,4540.5942,0.0,11.6797,15109.7019,67.7048,67.7048,19661.9757,14.6335,17.9579,120952.0,120952.0,1767094626,unknown,1767094626,1767094626,19650.2961,0.23107001425795307,0.768929985742047,0.0
27,tau,no_cache,p2,384,1024,0.0,0.0,122.9626,324429.2439,3.1532,3.1532,324552.2065,320.4103,516.7779,120952.0,120952.0,1767094626,unknown,1767094626,1767094626,324429.2439,0.0,1.0,0.0
28,tau,kv_cache,p2,384,1024,4736.2651,0.0,12.6957,15983.5898,64.0031,64.0031,20732.5505,15.6375,18.5287,120960.0,120960.0,1767094626,unknown,1767094626,1767094626,20719.8549,0.2285858237356672,0.7714141762643328,0.0
29,tau,no_cache,p2,384,1024,0.0,0.0,121.0867,324472.287,3.1528,3.1528,324593.3737,311.4767,519.064,120960.0,120960.0,1767094626,unknown,1767094626,1767094626,324472.287,0.0,1.0,0.0
30,tau,kv_cache,p2,384,1024,4801.2894,0.0,13.5187,16040.6481,63.7755,63.7755,20855.4561,15.4485,18.8307,120960.0,120960.0,1767094626,unknown,1767094626,1767094626,20841.9375,0.23036674973236052,0.7696332502676395,0.0
31,tau,no_cache,p3,384,1024,0.0,0.0,136.6373,325500.3924,3.1429,3.1429,325637.0297,309.9417,517.252,120960.0,120960.0,1767094626,unknown,1767094626,1767094626,325500.3924,0.0,1.0,0.0
32,tau,kv_cache,p3,384,1024,4819.9976,0.0,15.0314,16992.0398,60.2047,60.2047,21827.0688,16.4042,19.1106,120960.0,120960.0,1767094626,unknown,1767094626,1767094626,21812.037399999997,0.2209787885289432,0.7790212114710569,0.0
33,tau,no_cache,p3,384,1024,0.0,0.0,122.2927,323805.8136,3.1593,3.1593,323928.1063,310.3266,516.8588,120960.0,120960.0,1767094626,unknown,1767094626,1767094626,323805.8136,0.0,1.0,0.0
34,tau,kv_cache,p3,384,1024,4439.0923,0.0,13.6268,17284.775,59.185,59.185,21737.4942,16.8479,19.6208,120964.0,120964.0,1767094626,unknown,1767094626,1767094626,21723.8673,0.20434171497632006,0.79565828502368,0.0
35,tau,no_cache,p3,384,1024,0.0,0.0,119.6118,323372.8165,3.1635,3.1635,323492.4283,301.3786,513.7514,120964.0,120964.0,1767094626,unknown,1767094626,1767094626,323372.8165,0.0,1.0,0.0
36,tau,kv_cache,p3,384,1024,4946.5581,0.0,14.0228,15477.7728,66.0948,66.0948,20438.3538,15.3037,17.2237,120968.0,120968.0,1767094626,unknown,1767094626,1767094626,20424.3309,0.24218948097829732,0.7578105190217027,0.0
1,nano,no_cache,p1,384,128,0.0,0.0,264.9332,39840.6686,3.1877,3.1877,40105.6018,310.0886,344.7911,236764.0,236984.0,1767102282,unknown,1767102282,1767102282,39840.6686,0.0,1.0,220.0
2,nano,kv_cache,p1,384,128,25600.7377,0.0,70.6085,9077.0633,13.9913,13.9913,34748.4096,71.405,73.9088,237000.0,237280.0,1767102282,unknown,1767102282,1767102282,34677.801,0.7382457065256244,0.26175429347437573,280.0
3,nano,no_cache,p1,384,128,0.0,0.0,274.0503,39638.2605,3.204,3.204,39912.3108,309.2342,348.1049,237284.0,237480.0,1767102282,unknown,1767102282,1767102282,39638.2605,0.0,1.0,196.0
4,nano,kv_cache,p1,384,128,24991.4328,0.0,67.9767,8830.6346,14.3818,14.3818,33890.0441,69.5662,71.1156,237484.0,237488.0,1767102282,unknown,1767102282,1767102282,33822.0674,0.7389090827723913,0.26109091722760863,4.0
5,nano,no_cache,p1,384,128,0.0,0.0,270.1948,39392.1872,3.224,3.224,39662.3819,306.3332,342.2844,237500.0,237668.0,1767102282,unknown,1767102282,1767102282,39392.1872,0.0,1.0,168.0
6,nano,kv_cache,p1,384,128,25179.8854,0.0,66.8569,8828.2286,14.3857,14.3857,34074.9709,69.4253,72.3513,237668.0,237672.0,1767102282,unknown,1767102282,1767102282,34008.114,0.740408168474147,0.2595918315258529,4.0
7,nano,no_cache,p2,384,128,0.0,0.0,305.4409,39181.3602,3.2413,3.2413,39486.8011,309.6817,336.4249,237812.0,237880.0,1767102282,unknown,1767102282,1767102282,39181.3602,0.0,1.0,68.0
8,nano,kv_cache,p2,384,128,24976.3835,0.0,69.9197,8806.0208,14.422,14.422,33852.3241,69.3187,71.6786,237884.0,237884.0,1767102282,unknown,1767102282,1767102282,33782.4043,0.7393311405014473,0.2606688594985526,0.0
9,nano,no_cache,p2,384,128,0.0,0.0,259.9774,39466.062,3.218,3.218,39726.0394,309.3191,337.3166,237888.0,237964.0,1767102282,unknown,1767102282,1767102282,39466.062,0.0,1.0,76.0
10,nano,kv_cache,p2,384,128,25201.5878,0.0,69.8269,8853.69,14.3443,14.3443,34125.1048,69.986,72.0033,237964.0,238072.0,1767102282,unknown,1767102282,1767102282,34055.2778,0.7400200329594727,0.2599799670405273,108.0
11,nano,no_cache,p2,384,128,0.0,0.0,272.9912,39384.7391,3.2246,3.2246,39657.7303,306.0927,339.9446,238072.0,238144.0,1767102282,unknown,1767102282,1767102282,39384.7391,0.0,1.0,72.0
12,nano,kv_cache,p2,384,128,25371.0691,0.0,69.8683,9010.326,14.0949,14.0949,34451.2635,70.9474,72.4995,238144.0,239472.0,1767102282,unknown,1767102282,1767102282,34381.3951,0.7379301807331257,0.26206981926687434,1328.0
13,nano,no_cache,p3,384,128,0.0,0.0,293.8942,39897.0915,3.1832,3.1832,40190.9857,314.3127,346.2033,239544.0,239600.0,1767102282,unknown,1767102282,1767102282,39897.0915,0.0,1.0,56.0
14,nano,kv_cache,p3,384,128,25167.0479,0.0,67.5953,8720.8245,14.5628,14.5628,33955.4677,68.4384,70.678,239600.0,239600.0,1767102282,unknown,1767102282,1767102282,33887.8724,0.7426564761262499,0.2573435238737502,0.0
15,nano,no_cache,p3,384,128,0.0,0.0,277.2757,38956.034,3.2601,3.2601,39233.3097,303.5083,342.457,239600.0,239640.0,1767102282,unknown,1767102282,1767102282,38956.034,0.0,1.0,40.0
16,nano,kv_cache,p3,384,128,25367.0438,0.0,70.7617,9049.5258,14.0339,14.0339,34487.3312,70.8818,74.194,239640.0,239640.0,1767102282,unknown,1767102282,1767102282,34416.5696,0.7370590414682118,0.2629409585317881,0.0
17,nano,no_cache,p3,384,128,0.0,0.0,267.9553,39339.5082,3.2283,3.2283,39607.4635,307.0792,343.8904,239640.0,239676.0,1767102282,unknown,1767102282,1767102282,39339.5082,0.0,1.0,36.0
18,nano,kv_cache,p3,384,128,25743.1449,0.0,70.6018,9040.2676,14.0483,14.0483,34854.0143,71.0731,73.4348,239676.0,239676.0,1767102282,unknown,1767102282,1767102282,34783.4125,0.7400983126655557,0.25990168733444424,0.0
19,tau,no_cache,p1,384,128,0.0,0.0,306.7275,46636.4944,2.7232,2.7232,46943.2218,362.0002,408.4805,234928.0,234928.0,1767102282,unknown,1767102282,1767102282,46636.4944,0.0,1.0,0.0
20,tau,kv_cache,p1,384,128,25257.6986,0.0,66.8466,8508.8818,14.9256,14.9256,33833.4271,66.9026,68.2428,234932.0,235200.0,1767102282,unknown,1767102282,1767102282,33766.5804,0.7480087797104856,0.25199122028951443,268.0
21,tau,no_cache,p1,384,128,0.0,0.0,347.6414,45838.0969,2.7706,2.7706,46185.7383,360.4289,396.9668,235200.0,235200.0,1767102282,unknown,1767102282,1767102282,45838.0969,0.0,1.0,0.0
22,tau,kv_cache,p1,384,128,24947.1234,0.0,69.6948,8480.7011,14.9752,14.9752,33497.5193,66.5896,69.8865,235200.0,235512.0,1767102282,unknown,1767102282,1767102282,33427.8245,0.7462981445292678,0.25370185547073215,312.0
23,tau,no_cache,p1,384,128,0.0,0.0,308.8964,46381.1242,2.7382,2.7382,46690.0205,363.7605,403.8126,235512.0,235512.0,1767102282,unknown,1767102282,1767102282,46381.1242,0.0,1.0,0.0
24,tau,kv_cache,p1,384,128,25121.9546,0.0,65.5189,8362.6556,15.1866,15.1866,33550.1291,65.7694,68.0389,235512.0,235512.0,1767102282,unknown,1767102282,1767102282,33484.6102,0.7502537568736577,0.24974624312634225,0.0
25,tau,no_cache,p2,384,128,0.0,0.0,374.1085,47640.0945,2.6658,2.6658,48014.203,374.8883,430.9754,235652.0,235656.0,1767102282,unknown,1767102282,1767102282,47640.0945,0.0,1.0,4.0
26,tau,kv_cache,p2,384,128,25074.6743,0.0,66.2791,8481.5935,14.9736,14.9736,33622.5468,66.724,68.7416,235660.0,235664.0,1767102282,unknown,1767102282,1767102282,33556.2678,0.7472426447854251,0.2527573552145749,4.0
27,tau,no_cache,p2,384,128,0.0,0.0,344.3423,46546.515,2.7285,2.7285,46890.8573,362.2679,416.6579,235664.0,235664.0,1767102282,unknown,1767102282,1767102282,46546.515,0.0,1.0,0.0
28,tau,kv_cache,p2,384,128,24993.7823,0.0,67.2295,8524.8522,14.8976,14.8976,33585.864,67.0159,69.0485,235664.0,235664.0,1767102282,unknown,1767102282,1767102282,33518.6345,0.7456682729721582,0.25433172702784174,0.0
29,tau,no_cache,p2,384,128,0.0,0.0,372.991,46527.0433,2.7296,2.7296,46900.0343,364.6444,401.0746,235664.0,235664.0,1767102282,unknown,1767102282,1767102282,46527.0433,0.0,1.0,0.0
30,tau,kv_cache,p2,384,128,24893.932,0.0,66.2304,8488.0553,14.9622,14.9622,33448.2176,66.869,68.137,235664.0,235664.0,1767102282,unknown,1767102282,1767102282,33381.9873,0.7457294790834696,0.25427052091653035,0.0
31,tau,no_cache,p3,384,128,0.0,0.0,315.208,46840.3557,2.7113,2.7113,47155.5638,366.3306,413.0418,235668.0,235668.0,1767102282,unknown,1767102282,1767102282,46840.3557,0.0,1.0,0.0
32,tau,kv_cache,p3,384,128,25183.6296,0.0,66.1639,8424.1543,15.0757,15.0757,33673.9478,66.3028,68.3565,235668.0,235668.0,1767102282,unknown,1767102282,1767102282,33607.7839,0.7493391910318727,0.25066080896812715,0.0
33,tau,no_cache,p3,384,128,0.0,0.0,307.1259,47178.3194,2.6919,2.6919,47485.4452,366.9217,432.5585,235668.0,235668.0,1767102282,unknown,1767102282,1767102282,47178.3194,0.0,1.0,0.0
34,tau,kv_cache,p3,384,128,24966.2803,0.0,66.4124,8485.959,14.9659,14.9659,33518.6516,66.6776,68.3738,235668.0,235668.0,1767102282,unknown,1767102282,1767102282,33452.2393,0.7463261301015505,0.25367386989844953,0.0
35,tau,no_cache,p3,384,128,0.0,0.0,307.0415,46549.3145,2.7283,2.7283,46856.356,364.0424,408.6688,235668.0,235668.0,1767102282,unknown,1767102282,1767102282,46549.3145,0.0,1.0,0.0
36,tau,kv_cache,p3,384,128,24652.8213,0.0,65.5092,8249.9728,15.394,15.394,32968.3032,64.8686,66.4472,235668.0,235668.0,1767102282,unknown,1767102282,1767102282,32902.7941,0.7492622427467338,0.2507377572532662,0.0
1,nano,no_cache,p1,384,256,0.0,0.0,272.0705,103103.5089,2.4732,2.4732,103375.5794,371.9415,557.0324,233752.0,228024.0,1767104587,unknown,1767104587,1767104587,103103.5089,0.0,1.0,-5728.0
2,nano,kv_cache,p1,384,256,25453.7165,0.0,70.1151,18246.5446,13.9752,13.9752,43770.3761,71.4183,74.8885,228040.0,234060.0,1767104587,unknown,1767104587,1767104587,43700.2611,0.5824614283597495,0.41753857164025043,6020.0
3,nano,no_cache,p1,384,256,0.0,0.0,265.9072,102310.3931,2.4924,2.4924,102576.3002,367.7073,556.4965,234064.0,228340.0,1767104587,unknown,1767104587,1767104587,102310.3931,0.0,1.0,-5724.0
4,nano,kv_cache,p1,384,256,25315.6473,0.0,69.477,18512.016,13.7748,13.7748,43897.1402,72.5233,76.5172,228340.0,234228.0,1767104587,unknown,1767104587,1767104587,43827.6633,0.5776180018248885,0.42238199817511146,5888.0
5,nano,no_cache,p1,384,256,0.0,0.0,289.9002,101774.8631,2.5055,2.5055,102064.7633,370.9671,537.5455,234236.0,228500.0,1767104587,unknown,1767104587,1767104587,101774.8631,0.0,1.0,-5736.0
6,nano,kv_cache,p1,384,256,25328.679,0.0,68.6635,18171.3407,14.0331,14.0331,43568.6832,70.4,75.9075,228500.0,235376.0,1767104587,unknown,1767104587,1767104587,43500.019700000004,0.5822682190647375,0.4177317809352624,6876.0
7,nano,no_cache,p2,384,256,0.0,0.0,277.1049,101299.3528,2.5173,2.5173,101576.4577,364.6285,547.1645,235520.0,229788.0,1767104587,unknown,1767104587,1767104587,101299.3528,0.0,1.0,-5732.0
8,nano,kv_cache,p2,384,256,24463.6827,0.0,65.2634,17815.5192,14.3134,14.3134,42344.4653,70.0313,74.6828,229792.0,235604.0,1767104587,unknown,1767104587,1767104587,42279.2019,0.5786221499133833,0.42137785008661666,5812.0
9,nano,no_cache,p2,384,256,0.0,0.0,278.6005,102475.2043,2.4884,2.4884,102753.8049,354.4519,551.99,235604.0,229876.0,1767104587,unknown,1767104587,1767104587,102475.2043,0.0,1.0,-5728.0
10,nano,kv_cache,p2,384,256,25083.8615,0.0,67.9339,18483.8643,13.7958,13.7958,43635.6598,72.393,75.9582,229876.0,235668.0,1767104587,unknown,1767104587,1767104587,43567.7258,0.5757441096454936,0.42425589035450645,5792.0
11,nano,no_cache,p2,384,256,0.0,0.0,313.6208,100655.3887,2.5334,2.5334,100969.0095,353.9755,544.777,235668.0,229936.0,1767104587,unknown,1767104587,1767104587,100655.3887,0.0,1.0,-5732.0
12,nano,kv_cache,p2,384,256,25539.1398,0.0,70.264,18437.0264,13.8309,13.8309,44046.4302,72.0174,76.5469,229936.0,235828.0,1767104587,unknown,1767104587,1767104587,43976.1662,0.5807495743000899,0.4192504256999101,5892.0
13,nano,no_cache,p3,384,256,0.0,0.0,261.1135,101084.7706,2.5226,2.5226,101345.8841,365.6924,550.0973,238708.0,232984.0,1767104587,unknown,1767104587,1767104587,101084.7706,0.0,1.0,-5724.0
14,nano,kv_cache,p3,384,256,24557.4269,0.0,66.9777,18084.2715,14.1007,14.1007,42708.6761,71.1243,74.5407,232984.0,238752.0,1767104587,unknown,1767104587,1767104587,42641.698399999994,0.5759017070483291,0.424098292951671,5768.0
15,nano,no_cache,p3,384,256,0.0,0.0,261.4232,100295.5778,2.5425,2.5425,100557.001,367.641,534.7401,238752.0,233016.0,1767104587,unknown,1767104587,1767104587,100295.5778,0.0,1.0,-5736.0
16,nano,kv_cache,p3,384,256,25362.7662,0.0,69.2065,18504.2758,13.7806,13.7806,43936.2485,72.7461,76.7696,233016.0,238772.0,1767104587,unknown,1767104587,1767104587,43867.042,0.5781736138032739,0.42182638619672597,5756.0
17,nano,no_cache,p3,384,256,0.0,0.0,281.4906,101649.908,2.5086,2.5086,101931.3986,345.1712,567.446,238776.0,233044.0,1767104587,unknown,1767104587,1767104587,101649.908,0.0,1.0,-5732.0
18,nano,kv_cache,p3,384,256,25149.1865,0.0,67.9264,18740.8274,13.6067,13.6067,43957.9404,73.6325,81.5769,233044.0,238792.0,1767104587,unknown,1767104587,1767104587,43890.0139,0.5730047513154239,0.42699524868457606,5748.0
19,tau,no_cache,p1,384,256,0.0,0.0,370.7884,116790.7489,2.1834,2.1834,117161.5374,423.4177,606.2575,230116.0,224380.0,1767104587,unknown,1767104587,1767104587,116790.7489,0.0,1.0,-5736.0
20,tau,kv_cache,p1,384,256,25612.8047,0.0,65.4716,17027.6741,14.9756,14.9756,42705.9504,66.5009,69.7374,224380.0,230112.0,1767104587,unknown,1767104587,1767104587,42640.4788,0.6006687875183991,0.399331212481601,5732.0
21,tau,no_cache,p1,384,256,0.0,0.0,341.3692,116485.6342,2.1891,2.1891,116827.0034,418.0721,630.8025,230112.0,224380.0,1767104587,unknown,1767104587,1767104587,116485.6342,0.0,1.0,-5732.0
22,tau,kv_cache,p1,384,256,24947.946,0.0,66.4928,17213.7906,14.8137,14.8137,42228.2294,67.5269,68.9235,224380.0,230112.0,1767104587,unknown,1767104587,1767104587,42161.736600000004,0.5917200763499859,0.408279923650014,5732.0
23,tau,no_cache,p1,384,256,0.0,0.0,310.319,117261.7535,2.1746,2.1746,117572.0726,424.641,675.3339,230112.0,224380.0,1767104587,unknown,1767104587,1767104587,117261.7535,0.0,1.0,-5732.0
24,tau,kv_cache,p1,384,256,24946.2212,0.0,65.6493,17157.5208,14.8623,14.8623,42169.3913,67.2045,69.2452,224380.0,230112.0,1767104587,unknown,1767104587,1767104587,42103.742,0.5924941588327233,0.40750584116727673,5732.0
25,tau,no_cache,p2,384,256,0.0,0.0,303.895,117900.3761,2.1628,2.1628,118204.2712,422.696,677.7644,230112.0,224380.0,1767104587,unknown,1767104587,1767104587,117900.3761,0.0,1.0,-5732.0
26,tau,kv_cache,p2,384,256,25034.7575,0.0,67.6565,17282.7739,14.7546,14.7546,42385.1879,67.8214,69.4556,224380.0,230112.0,1767104587,unknown,1767104587,1767104587,42317.5314,0.5915930507231809,0.40840694927681914,5732.0
27,tau,no_cache,p2,384,256,0.0,0.0,301.2808,118116.5882,2.1589,2.1589,118417.8689,419.2191,691.6132,230112.0,224380.0,1767104587,unknown,1767104587,1767104587,118116.5882,0.0,1.0,-5732.0
28,tau,kv_cache,p2,384,256,24443.4476,0.0,65.028,16729.7521,15.2423,15.2423,41238.2277,66.0328,68.2531,224380.0,230112.0,1767104587,unknown,1767104587,1767104587,41173.1997,0.5936737435541111,0.40632625644588904,5732.0
29,tau,no_cache,p2,384,256,0.0,0.0,321.9831,116717.1427,2.1848,2.1848,117039.1257,424.0884,627.5709,230112.0,224388.0,1767104587,unknown,1767104587,1767104587,116717.1427,0.0,1.0,-5724.0
30,tau,kv_cache,p2,384,256,24232.6755,0.0,61.1125,16175.6511,15.7644,15.7644,40469.4391,63.3336,65.2407,224388.0,230108.0,1767104587,unknown,1767104587,1767104587,40408.3266,0.5996951009597117,0.4003048990402884,5720.0
31,tau,no_cache,p3,384,256,0.0,0.0,305.9454,117669.3358,2.1671,2.1671,117975.2813,422.8998,636.7343,230104.0,224388.0,1767104587,unknown,1767104587,1767104587,117669.3358,0.0,1.0,-5716.0
32,tau,kv_cache,p3,384,256,24092.293,0.0,63.4652,16820.4267,15.1601,15.1601,40976.185,65.8659,67.4174,224388.0,230104.0,1767104587,unknown,1767104587,1767104587,40912.7197,0.5888704827413368,0.4111295172586632,5716.0
33,tau,no_cache,p3,384,256,0.0,0.0,332.7695,118108.8046,2.159,2.159,118441.5741,427.1967,641.693,230104.0,224388.0,1767104587,unknown,1767104587,1767104587,118108.8046,0.0,1.0,-5716.0
34,tau,kv_cache,p3,384,256,24273.7434,0.0,63.8683,16794.1829,15.1838,15.1838,41131.7946,66.0331,68.2959,224388.0,230104.0,1767104587,unknown,1767104587,1767104587,41067.9263,0.5910632843421656,0.4089367156578344,5716.0
35,tau,no_cache,p3,384,256,0.0,0.0,306.7423,118812.5012,2.1462,2.1462,119119.2435,419.3416,665.7766,230104.0,224388.0,1767104587,unknown,1767104587,1767104587,118812.5012,0.0,1.0,-5716.0
36,tau,kv_cache,p3,384,256,24251.3533,0.0,66.1063,16346.2159,15.5999,15.5999,40663.6756,64.1045,66.7056,224388.0,230108.0,1767104587,unknown,1767104587,1767104587,40597.5692,0.5973597379815538,0.40264026201844616,5720.0
1,nano,no_cache,p1_L768,768,2048,0.0,0.0,325.73,1665974.5068,1.2287,1.2287,1666300.2368,693.6111,1648.5996,88220.0,192352.0,1767204018,unknown,1767204018,1767204018,1665974.5068,0.0,1.0,104132.0
2,tau,no_cache,p1_L768,768,2048,0.0,0.0,316.29,1815462.4602,1.1275,1.1275,1815778.7502,775.4538,1760.8278,192360.0,239236.0,1767204018,unknown,1767204018,1767204018,1815462.4602,0.0,1.0,46876.0
3,nano,kv_cache,p1_L768,768,2048,13022.1053,0.0,22.9863,71671.8107,28.5607,28.5607,84716.9023,35.0121,49.716,239236.0,295988.0,1767204018,unknown,1767204018,1767204018,84693.916,0.15375490843994036,0.8462450915600597,56752.0
4,tau,kv_cache,p1_L768,768,2048,10737.4466,0.0,14.2408,42492.4789,48.1732,48.1732,53244.1663,20.0133,26.1651,215552.0,265992.0,1767204018,unknown,1767204018,1767204018,53229.9255,0.2017182346047056,0.7982817653952945,50440.0
5,nano,no_cache,p2_L768,768,2048,0.0,0.0,194.04,1614616.448,1.2678,1.2678,1614810.488,674.7843,1642.2204,265992.0,243064.0,1767204018,unknown,1767204018,1767204018,1614616.448,0.0,1.0,-22928.0
6,tau,no_cache,p2_L768,768,2048,0.0,0.0,247.4927,1818842.7454,1.1254,1.1254,1819090.2381,776.8365,1751.3609,243064.0,246448.0,1767204018,unknown,1767204018,1767204018,1818842.7454,0.0,1.0,3384.0
7,nano,kv_cache,p2_L768,768,2048,12285.3618,0.0,18.6884,71485.6463,28.6351,28.6351,83789.6965,35.6192,48.6692,246448.0,302912.0,1767204018,unknown,1767204018,1767204018,83771.00809999999,0.1466541000119587,0.8533458999880413,56464.0
8,tau,kv_cache,p2_L768,768,2048,10802.1982,0.0,16.2445,42645.0659,48.0009,48.0009,53463.5086,20.5723,26.118,223156.0,269272.0,1767204018,unknown,1767204018,1767204018,53447.2641,0.20210946962203816,0.7978905303779619,46116.0
9,nano,no_cache,p3_L768,768,2048,0.0,0.0,199.7317,1616346.2839,1.2664,1.2664,1616546.0156,669.1705,1640.748,269280.0,246456.0,1767204018,unknown,1767204018,1767204018,1616346.2839,0.0,1.0,-22824.0
10,tau,no_cache,p3_L768,768,2048,0.0,0.0,291.804,1820982.9806,1.1241,1.1241,1821274.7846,773.9405,1756.75,246464.0,246464.0,1767204018,unknown,1767204018,1767204018,1820982.9806,0.0,1.0,0.0
11,nano,kv_cache,p3_L768,768,2048,11911.5338,0.0,19.715,70328.5071,29.1063,29.1063,82259.7558,34.5169,48.6565,246464.0,303100.0,1767204018,unknown,1767204018,1767204018,82240.0409,0.1448386171704834,0.8551613828295165,56636.0
12,tau,kv_cache,p3_L768,768,2048,10189.8991,0.0,15.1889,41722.5373,49.0622,49.0622,51927.6253,20.186,25.41,218952.0,269452.0,1767204018,unknown,1767204018,1767204018,51912.436400000006,0.19629013405350398,0.803709865946496,50500.0
13,nano,no_cache,p1_L1152,1152,2048,0.0,0.0,331.3443,2301215.4498,0.8895,0.8895,2301546.7941,1001.7261,2179.3646,269452.0,263380.0,1767204018,unknown,1767204018,1767204018,2301215.4498,0.0,1.0,-6072.0
14,tau,no_cache,p1_L1152,1152,2048,0.0,0.0,421.6546,2516407.7327,0.8135,0.8135,2516829.3874,1121.3519,2308.2518,263380.0,263384.0,1767204018,unknown,1767204018,1767204018,2516407.7327,0.0,1.0,4.0
15,nano,kv_cache,p1_L1152,1152,2048,20974.2379,0.0,24.8643,83592.7152,24.4878,24.4878,104591.8174,41.562,53.7504,263384.0,322824.0,1767204018,unknown,1767204018,1767204018,104566.95310000001,0.20058189780036728,0.7994181021996326,59440.0
16,tau,kv_cache,p1_L1152,1152,2048,17051.8884,0.0,17.8902,46173.9235,44.3324,44.3324,63243.7021,22.6199,27.8913,229128.0,288492.0,1767204018,unknown,1767204018,1767204018,63225.8119,0.2696982116571286,0.7303017883428714,59364.0
17,nano,no_cache,p2_L1152,1152,2048,0.0,0.0,339.5809,2290168.1316,0.8938,0.8938,2290507.7125,998.0316,2182.6993,288492.0,265752.0,1767204018,unknown,1767204018,1767204018,2290168.1316,0.0,1.0,-22740.0
18,tau,no_cache,p2_L1152,1152,2048,0.0,0.0,418.7446,2513905.2836,0.8143,0.8143,2514324.0282,1107.7198,2302.6056,265752.0,265756.0,1767204018,unknown,1767204018,1767204018,2513905.2836,0.0,1.0,4.0
19,nano,kv_cache,p2_L1152,1152,2048,22090.8743,0.0,26.3216,82775.7192,24.7295,24.7295,104892.9151,38.8529,55.233,265760.0,327144.0,1767204018,unknown,1767204018,1767204018,104866.5935,0.21065692669801464,0.7893430733019854,61384.0
20,tau,kv_cache,p2_L1152,1152,2048,17485.0123,0.0,18.3862,45790.3975,44.7037,44.7037,63293.7959,22.0979,28.0741,231504.0,290996.0,1767204018,unknown,1767204018,1767204018,63275.409799999994,0.27633186976214574,0.7236681302378544,59492.0
21,nano,no_cache,p3_L1152,1152,2048,0.0,0.0,351.094,2290828.3903,0.8936,0.8936,2291179.4844,1001.9335,2186.1858,290996.0,268128.0,1767204018,unknown,1767204018,1767204018,2290828.3903,0.0,1.0,-22868.0
22,tau,no_cache,p3_L1152,1152,2048,0.0,0.0,409.3202,2510188.4767,0.8155,0.8155,2510597.7969,1119.298,2307.9132,268128.0,268128.0,1767204018,unknown,1767204018,1767204018,2510188.4767,0.0,1.0,0.0
23,nano,kv_cache,p3_L1152,1152,2048,21182.1493,0.0,26.6565,83936.437,24.3875,24.3875,105145.2428,41.1297,55.037,268128.0,326668.0,1767204018,unknown,1767204018,1767204018,105118.58630000001,0.20150717437873306,0.7984928256212669,58540.0
24,tau,kv_cache,p3_L1152,1152,2048,17976.4735,0.0,17.1885,47277.3601,43.2977,43.2977,65271.0221,23.0677,28.4068,248268.0,290724.0,1767204018,unknown,1767204018,1767204018,65253.8336,0.2754853241296769,0.7245146758703231,42456.0
