mode,gen_tokens,posbin,pairs,p50,p95,p99,mean
kv_cache,128,0-10%,1404,1.0641348086734452,5.280071455090095,5.611939675224669,1.8535813226453153
kv_cache,128,10-25%,2160,1.0676399193560657,5.182279403280229,5.413899921530887,1.8167054085869356
kv_cache,128,25-50%,3456,1.0681226645939137,5.165293262805374,5.631527082640899,1.82641583845098
kv_cache,128,50-75%,3456,1.0792842470510404,5.253880684696304,5.461862537149177,1.8644900844723513
kv_cache,128,75-90%,2052,1.092590431883679,5.330133170148578,5.4978840629419325,1.8994671208209075
kv_cache,128,90-100%,1296,1.1017388520322706,5.290360107076382,5.491863462547783,1.8931791651285759
kv_cache,256,0-10%,2808,1.0888056806489796,5.573688103920885,5.80906018508826,1.9489229363945242
kv_cache,256,10-25%,4212,1.0764208784383977,5.378736052204195,5.6846095020859355,1.872851685048593
kv_cache,256,25-50%,6912,1.1185603919294222,5.424858677389013,5.696877459653318,1.9246534184072468
kv_cache,256,50-75%,6912,1.1452492874072178,5.390229276415278,5.77201696679813,1.9331617422379503
kv_cache,256,75-90%,4104,1.1549549608869887,5.456747642166604,5.806979762277627,1.9667801597546988
kv_cache,256,90-100%,2700,1.1694206856683906,5.492582581198962,5.767332260733373,1.970430189065689
kv_cache,512,0-10%,2652,1.141158425058614,6.493365792377239,6.735387309790751,1.5822711536846448
kv_cache,512,10-25%,3927,1.190340950609031,6.54124559525224,6.736116494016619,1.6131190911652813
kv_cache,512,25-50%,6528,1.2154648858060604,6.463116995937264,6.701017563963032,1.6298262897142297
kv_cache,512,50-75%,6528,1.2422815726167666,6.402947998280011,6.630594413732128,1.6470845832431902
kv_cache,512,75-90%,3876,1.2464090132763168,6.499399239314399,6.699344563672264,1.6534677259677748
kv_cache,512,90-100%,2601,1.2608257199165203,6.462964913337314,6.751239895562277,1.6621463678790895
kv_cache,1024,0-10%,2781,1.1544914979925613,1.337140044951289,1.4271524566935188,1.161517402614896
kv_cache,1024,10-25%,4158,1.244713183740346,1.4864348824091342,1.5805924947483605,1.250750289008938
kv_cache,1024,25-50%,6912,1.2847428534669065,1.5594212347430612,1.6505653924094736,1.3012796636609696
kv_cache,1024,50-75%,6912,1.3394062987044795,1.5798184414006524,1.6629978192061954,1.343098122968777
kv_cache,1024,75-90%,4131,1.4849523987207986,1.7154379139950033,1.8147600653047693,1.4859114734258339
kv_cache,1024,90-100%,2754,1.4768611595471801,1.7150326944242489,1.7981123533870553,1.478920208577837
kv_cache,2048,0-10%,1230,1.389402789075359,1.603586292467955,1.6682717193055496,1.3975659865939472
kv_cache,2048,10-25%,1848,1.4939780293566645,1.815438214726184,2.0009606401005606,1.5025827941260528
kv_cache,2048,25-50%,3072,1.6830021865367537,1.9402973071441876,2.0320139630020906,1.6818917729030298
kv_cache,2048,50-75%,3072,1.8158059529058301,2.026902835789323,2.1119165781789775,1.818776237603757
kv_cache,2048,75-90%,1842,1.8992636861005194,2.1046492488141144,2.2101428572866255,1.9048411839379855
kv_cache,2048,90-100%,1224,1.9380218682421182,2.123167391813996,2.2125887694329287,1.947740183819353
no_cache,128,0-10%,1404,0.7628295672873145,2.292571046549154,2.529745461512199,1.0105882985536625
no_cache,128,10-25%,2160,0.7937117047995303,2.240839594581926,2.3973744020978067,1.0118960840838263
no_cache,128,25-50%,3456,0.7719418718897055,2.236059502090896,2.4211812787005136,1.0052326888385281
no_cache,128,50-75%,3456,0.7521393801481996,2.2152957757022333,2.2834506683815388,0.9851715460843453
no_cache,128,75-90%,2052,0.7575442182376877,2.2102314738344533,2.2626690627714185,0.9907356271469769
no_cache,128,90-100%,1296,0.7548790349857628,2.196521433099042,2.3416953859294685,0.9955692130034305
no_cache,256,0-10%,2808,0.7643273586684378,2.236431064951941,2.3357581222656956,1.002049138236447
no_cache,256,10-25%,4212,0.758891486502165,2.238946044147666,2.540923771311096,1.0033899862568776
no_cache,256,25-50%,6912,0.7738699946077937,2.1744771365712032,2.2706375302698345,0.9782191936351112
no_cache,256,50-75%,6912,0.7653577586988055,2.7142601863844855,2.867766137532752,1.05739987681377
no_cache,256,75-90%,4104,0.7535916720793597,2.7929575179104713,2.905382190204853,1.101098655203106
no_cache,256,90-100%,2700,0.7589087256187141,2.793714366175784,3.2429346821790355,1.117903726696303
no_cache,512,0-10%,2652,0.740161903117246,2.562801621301003,2.6575252583277007,0.9543084071410671
no_cache,512,10-25%,3927,0.7385110365691809,2.5362974850693405,2.6230405381326984,0.9524752101317054
no_cache,512,25-50%,6528,0.7485280914952571,2.5029228199778837,2.5688282810453154,0.9522049091985777
no_cache,512,50-75%,6528,0.7642355490041468,2.445186264585923,2.508876770770683,0.9485265065517139
no_cache,512,75-90%,3876,0.7749958585104517,2.260172933783122,2.3120190272485126,0.9393559739080832
no_cache,512,90-100%,2601,0.7786322762200456,2.2464432965012366,2.315729614361834,0.9428751034978382
no_cache,1024,0-10%,2781,0.7279350381513074,0.8083317039218784,0.8795838300356741,0.7245657505395492
no_cache,1024,10-25%,4158,0.7321141543223577,0.7712809230368205,0.8602620730570657,0.7148051401491725
no_cache,1024,25-50%,6912,0.7586785299752852,0.7952944102237023,0.9097872447009298,0.744930620783468
no_cache,1024,50-75%,6912,0.791485398640499,0.8219066029280054,0.837934197373825,0.7846804083609029
no_cache,1024,75-90%,4131,0.826491904819254,0.852864885380701,0.8714171162291042,0.8233424487995755
no_cache,1024,90-100%,2754,0.8390680105059822,0.8615743359927177,0.8761469374716958,0.8366309871562546
no_cache,2048,0-10%,1230,0.8167627274481757,0.9133495645688668,1.0037922850776249,0.8094792949830204
no_cache,2048,10-25%,1848,0.8437010700759555,0.9288749753811516,1.0611409957070943,0.8433823311711521
no_cache,2048,25-50%,3072,0.870714963367944,0.9593921598620384,1.0396314268875897,0.8770048822716453
no_cache,2048,50-75%,3072,0.9026940738332296,0.9857177898404864,1.0579940670592742,0.9068415336814438
no_cache,2048,75-90%,1842,0.9284411956408554,0.9529417179049626,0.9997620290955339,0.925917007264384
no_cache,2048,90-100%,1224,0.9392675733973681,0.9599135064134101,0.9683577357086953,0.938847620215963
