gen_tokens,speedup_kv_cache_predicted,speedup_kv_cache_observed
128.0,1.0417121746043259,1.1117696398065378
133.89727191778223,1.04941463013159,
140.06624552362905,1.057174037879051,
146.51943877640787,1.0649908189533768,
153.26994636785574,1.0728653975749132,
160.3314662940678,1.080798201100705,
167.7183276511995,1.0887896600476903,
175.44551971178404,1.0968402081160644,
183.52872234066697,1.1049502822128159,
191.9843378122769,1.1131203224754393,
200.82952409379513,1.1213507722958205,
210.08222966176342,1.1296420783443006,
219.7612299227741,1.1379946905939156,
229.88616531215584,1.1464090623448189,
240.47758114795292,1.1548856502488796,
251.5569693210781,1.1634249143344666,
263.1468119062313,1.1720273180314151,
275.27062678207926,1.1806933281961758,
287.9530153532689,1.1894234151371514,
301.2197124711092,1.1982180526402224,
315.097638654221,1.2070777179944572,
329.6149547151197,1.2160028920180164,
344.80111890357705,1.2249940590842467,
360.6869466827174,1.2340517071479677,
377.30467325914407,1.2431763277719536,
394.6880189939812,1.2523684161536106,
412.8722578275618,1.261628471151852,
431.8942888566073,1.2709569953141704,
451.7927112091433,1.2803544949039118,
472.6079023690838,1.2898214799277512,
494.38210010942106,1.2993584641633702,
517.159488200276,1.3089659651873395,
540.9862860657307,1.318644504403211,
565.910842571361,1.3283946070698085,
591.9837341328035,1.3382168023297416,
619.2578673444065,1.3481116232381156,
647.7885863362494,1.3580796067914649,
677.633785077348,1.3681212939568943,
708.8540248529506,1.378237229701438,
741.5126571542961,1.388427963021635,
775.6759522302034,1.3986940469733238,
811.4132335613454,1.4090360387016565,
848.7970185300813,1.4194544994713356,
887.9031655712903,1.4299499946970737,
928.8110281028023,1.4405230939742801,
971.6036155477798,1.4511743711099712,
1016.3677617757924,1.4619044041539124,
1063.1943013043829,1.4727137754299893,
1112.1782536186677,1.4836030715678092,
1163.4190159829916,1.49457288353454,
1217.020565135885,1.5056238066669807,
1273.0916682775985,1.5167564407038707,
1331.7461037783473,1.5279713898184382,
1393.1028920551298,1.53926926265119,
1457.2865370855811,1.5506506723429399,
1524.4272790489963,1.5621162365680876,
1594.661358607095,1.573666577568137,
1668.1312933608945,1.5853023221854685,
1744.986167044572,1.597024101897355,
1825.3819320432474,1.6088325528502354,
1909.4817258484486,1.6207283158942365,
1997.4562020934832,1.6327120366179526,
2089.4838768404043,1.6447843653834828,
2185.751490821261,1.6569459573617258,
2286.45438836869,1.669197472567936,
2391.7969138047574,1.6815395758975433,
2501.992826092406,1.6939729371622374,
2617.2657325909017,1.7064982311263186,
2737.8495427954495,1.7191161375433173,
2863.9889429817035,1.731827341192885,
2995.9398927183042,1.7446325319179579,
3133.9701442549513,1.757532404662193,
3278.3597858399753,1.7705276595076869,
3429.4018100698213,1.7836190017129643,
3587.402708423859,1.7968071417512586,
3752.6830931907616,1.810092795349064,
3925.5783480486566,1.8234766835249834,
4106.439308618976,1.8369595326288533,
4295.632974375198,1.8505420743811682,
4493.543253350836,1.8642250459127874,
4700.571741158068,1.8780091898049422,
4917.138535897539,1.8918952541295344,
5143.683090613114,1.9058839924897344,
5380.66510502127,1.9199761640608817,
5628.565458324651,1.9341725336316835,
5887.887185002598,1.9484738716457206,
6159.156495558736,1.9628809542432608,
6442.923844296898,1.977394563303379,
6739.765046292067,1.9920154864863915,
7050.282445822916,2.0067445172766005,
7375.106138636858,2.021582455025361,
7714.895250527848,2.036530104994456,
8070.339274821351,2.0515882783998043,
8442.15947148057,2.066757792455483,
8831.110330672764,2.082039470418075,
9237.981103765846,2.0974341416313553,
9663.59740486147,2.11294264157129,
10108.822886114942,2.128565811891389,
10574.560990240869,2.1443045004683707,
11061.756783761373,2.160159561448189,
11571.398874716153,2.176131855292378,
12104.521418726483,2.192222248824756,
12662.206217483104,2.208431615278465,
13245.584913916926,2.224760834343364,
13855.841288506335,2.24121079221377,
14494.213661381007,2.257782381636547,
15161.997405096601,2.274476501959564,
15860.547573179112,2.291294059180497,
16591.281649772554,2.3082359659960017,
17355.6824259696,2.3253031418512418,
18155.301008661907,2.3424965129897903,
18991.759968015525,2.3598170125038984,
19866.756629958036,2.3772655803851346,
20782.06652035857,2.3948431635753935,
21739.546967889746,2.412550716018292,
22741.140872882257,2.43038919871094,
23788.880649819614,2.4483595797560938,
24884.892351473194,2.4664628344146906,
26031.399983046424,2.4846999451587837,
27230.730015082154,2.503071901724858,
28485.31610429036,2.521579701167543,
29797.704031876186,2.5402243479137256,
31170.556869388485,2.5590068538170594,
32606.660382571885,2.577928238212875,
34108.92868418751,2.5969895279735096,
35680.41014727267,2.616191757564025,
37324.29359083883,2.6355359690983544,
39043.91475055999,2.6550232123958573,
40842.763047581524,2.6746545450382935,
42724.488669184204,2.69443103242722,
44692.90997567164,2.714353747841806,
46752.02124851142,2.7344237724970863,
48906.00079545203,2.754642195602636,
51159.21942906189,2.7750101144216845,
53516.249335895285,2.795528634330661,
55981.87335428279,2.816198868879186,
58561.09467957222,2.837021939850506,
61259.147016513125,2.85799897732237,
64081.50519938645,2.87913111972836,
67033.8963014298,2.9004195139196765,
70122.31125610121,2.9218653152273752,
73353.01701376202,2.9434696875250714,
76732.56925844851,2.9652338032921017,
80267.82571053554,2.987158843677152,
83965.96004228687,3.0092459985623643,
87834.476434529,3.0314964666279103,
91881.22480398578,3.0539114554170452,
96114.41673217324,3.076492181401637,
100542.64212817834,3.0992398700481885,
105174.88665913242,3.1221557558843482,
110020.54998374841,3.145241082565901,
115089.46482592131,3.168497102944266,
120391.91692709693,3.191925079134487,
125938.66591789479,3.215526282583732,
131740.9671513368,3.2393019941402943,
137810.59454198577,3.263253504123099,
144159.86445733978,3.2873821123917355,
150801.6607099612,3.311689128417,
157749.4607010534,3.336175871351963,
165017.36276853495,3.360843670103554,
172620.11479510795,3.3856938634046854,
180573.1441343698,3.4107277998869105,
188892.58891569197,3.4359468381536096,
197595.33079139292,3.461352346853722,
206699.02919265075,3.4869457047560233,
216222.15716367142,3.512728300823953,
226184.03884682446,3.5387015342909955,
236604.88869480864,3.5648668147366154,
247505.85248941742,3.5912255621627547,
258909.05025014057,3.617779207070898,
270837.62111967016,3.6445291905397084,
283315.77031738905,3.6714769643032357,
296368.8182561205,3.6986239908296974,
310023.2519218087,3.7259717434008515,
324306.77862038655,3.7535217061919544,
339248.3822008903,3.781275374352304,
354878.3818689091,3.809234254086384,
371228.4937097175,3.837399862735602,
388331.89504592743,3.865773728860645,
406223.29176025215,3.8943573923244292,
424938.9887199932,3.923152404375667,
444516.9634461584,3.9521603277330573,
464996.94317669596,3.9813827366700982,
486420.4854802151,4.010821217100517,
508831.0625837819,4.040477366664344,
532274.1495858968,4.070352794814612,
556797.3167336645,4.100449122904704,
582450.3259513979,4.130767984276348,
609285.2318165258,4.161311024348259,
637356.4871877064,4.192079900705427,
666721.0536994901,4.223076283189088,
697438.5173477409,4.254301853987339,
729571.2094003551,4.285758307726437,
763184.3328786305,4.31744735156276,
798346.0948659462,4.349370705275456,
835127.8449122271,4.381530101359787,
873604.2198150319,4.413927285121139,
913853.2950710582,4.446564014769748,
955956.7433053957,4.479442061516111,
1000000.0,4.512563209667124,
