device,variant,mode,relpos_bin,token_ms_mean_speedup_tau_over_nano,token_ms_p50_speedup_tau_over_nano,token_ms_p95_speedup_tau_over_nano
unknown,1767066084,kv_cache,0-10%,1.1726397221826348,1.1711788037979654,1.178877109430012
unknown,1767066084,kv_cache,10-25%,1.1263056241836098,1.1190527514068016,1.1257855527473837
unknown,1767066084,kv_cache,25-50%,1.1488974456491212,1.1212521365614558,1.18324524236027
unknown,1767066084,kv_cache,50-75%,1.1801206377934004,1.1850641425544002,1.2073871510592513
unknown,1767066084,kv_cache,75-90%,1.2102520732965631,1.2120257149477534,1.2439044554897005
unknown,1767066084,kv_cache,90-100%,1.2101605827467485,1.2151000548886606,1.228129837896205
unknown,1767066084,no_cache,0-10%,0.718508662738905,0.7260588565219317,0.7371531755397857
unknown,1767066084,no_cache,10-25%,0.7224998983772453,0.7238245191350249,0.7349171580662663
unknown,1767066084,no_cache,25-50%,0.7146275818495756,0.7228999777766506,0.6725186524278535
unknown,1767066084,no_cache,50-75%,0.7013007969540853,0.7210023423990025,0.646673926552936
unknown,1767066084,no_cache,75-90%,0.7061843230618352,0.7208239824708399,0.6534607784312167
unknown,1767066084,no_cache,90-100%,0.714978834319002,0.7287727791198553,0.6546109477954009
unknown,1767089337,kv_cache,0-10%,1.1935670012233164,1.1983250318794891,1.2026529679673756
unknown,1767089337,kv_cache,10-25%,1.14801069349811,1.1647803913176031,1.1249105093970315
unknown,1767089337,kv_cache,25-50%,1.2129571260124585,1.2099246931987322,1.2194478618198825
unknown,1767089337,kv_cache,50-75%,1.2594679760194734,1.2826855898070602,1.2379226203296592
unknown,1767089337,kv_cache,75-90%,1.2932073168916336,1.3041883685854905,1.2706503148320212
unknown,1767089337,kv_cache,90-100%,1.2890496436995,1.3200042485928112,1.2592770963356654
unknown,1767089337,no_cache,0-10%,0.7091322071305534,0.713266304714132,0.7105144650550731
unknown,1767089337,no_cache,10-25%,0.7043957599915825,0.7117348622534917,0.7095692594253534
unknown,1767089337,no_cache,25-50%,0.6932078780211739,0.6978764432585421,0.6616454957379009
unknown,1767089337,no_cache,50-75%,0.7065639419023163,0.7145796165558715,0.6643785426572432
unknown,1767089337,no_cache,75-90%,0.6857980058426867,0.7086900259166686,0.6437998109275437
unknown,1767089337,no_cache,90-100%,0.6957728602419283,0.7203065907564883,0.6455059707564232
unknown,1767090496,kv_cache,0-10%,1.170462117893768,1.1734117680790905,1.1695823038378466
unknown,1767090496,kv_cache,10-25%,1.2315194051175982,1.244551926689826,1.199869740696633
unknown,1767090496,kv_cache,25-50%,1.2651586046369006,1.2601486046217756,1.2586830860399303
unknown,1767090496,kv_cache,50-75%,1.3076615841942794,1.3122967119734843,1.3263202578500883
unknown,1767090496,kv_cache,75-90%,1.3063751298042074,1.3068647227225367,1.2712719755228428
unknown,1767090496,kv_cache,90-100%,1.3172312111656106,1.3144966984904378,1.2957857060063036
unknown,1767090496,no_cache,0-10%,0.717142104628388,0.7260974616948457,0.6874893373891182
unknown,1767090496,no_cache,10-25%,0.7143049383849921,0.718079325377477,0.6722130571527649
unknown,1767090496,no_cache,25-50%,0.716252519127172,0.7189913753719483,0.6758996700575676
unknown,1767090496,no_cache,50-75%,0.7368822998170256,0.7370979103169907,0.687453085528575
unknown,1767090496,no_cache,75-90%,0.7431536244322908,0.7574380010112691,0.6836961275761587
unknown,1767090496,no_cache,90-100%,0.74481548284737,0.7610797538492143,0.6777372890773192
unknown,1767094626,kv_cache,0-10%,1.1554889621985218,1.168627671687151,1.1362373869803184
unknown,1767094626,kv_cache,10-25%,1.244177229673081,1.263824934534118,1.2381051603419082
unknown,1767094626,kv_cache,25-50%,1.2917141684417452,1.2838329343245665,1.2708707580099479
unknown,1767094626,kv_cache,50-75%,1.3329893154413754,1.3483710482104638,1.278148703814295
unknown,1767094626,kv_cache,75-90%,1.4769149994530288,1.4914955155752507,1.3845246036451058
unknown,1767094626,kv_cache,90-100%,1.4700561830930627,1.4846704064305014,1.411305817481707
unknown,1767094626,no_cache,0-10%,0.7226738606583106,0.722369703609826,0.6902365899924574
unknown,1767094626,no_cache,10-25%,0.7119118680974738,0.7146351772836832,0.6759310241308089
unknown,1767094626,no_cache,25-50%,0.7430752228238726,0.7476461767706014,0.7180325918409743
unknown,1767094626,no_cache,50-75%,0.7846449589750134,0.7852069995883955,0.7950217269061053
unknown,1767094626,no_cache,75-90%,0.8231117941480842,0.8196977738471535,0.8338954765377045
unknown,1767094626,no_cache,90-100%,0.836125802009159,0.8368081656775037,0.8350152599718398
unknown,1767102282,kv_cache,0-10%,1.0390428315765077,1.0421005725748846,1.0361699691247035
unknown,1767102282,kv_cache,10-25%,1.0500805592038711,1.0509740188622405,1.055134474182298
unknown,1767102282,kv_cache,25-50%,1.048915852981608,1.0495165662864556,1.0576196562739126
unknown,1767102282,kv_cache,50-75%,1.0578327841225248,1.0586029363024911,1.0626064915532234
unknown,1767102282,kv_cache,75-90%,1.0676118838004498,1.0623228527738653,1.0706722607139538
unknown,1767102282,kv_cache,90-100%,1.071769331046883,1.066855051772972,1.0775395092589546
unknown,1767102282,no_cache,0-10%,0.8387558273456756,0.8487517009564963,0.8454122690381725
unknown,1767102282,no_cache,10-25%,0.8529862978109877,0.8559698094952684,0.8548002423372587
unknown,1767102282,no_cache,25-50%,0.8502341050055393,0.8516781517586768,0.8396908992087513
unknown,1767102282,no_cache,50-75%,0.8373608178552998,0.8462936962653662,0.7795925407273709
unknown,1767102282,no_cache,75-90%,0.8476327940952239,0.8507213253842236,0.8275808511405697
unknown,1767102282,no_cache,90-100%,0.8432584277647102,0.8490305804759148,0.813362864666128
unknown,1767104587,kv_cache,0-10%,1.0471388809276445,1.0422349998677318,1.0556699250321582
unknown,1767104587,kv_cache,10-25%,1.0575960427617541,1.0563388917583958,1.0555050849955547
unknown,1767104587,kv_cache,25-50%,1.0818233811770503,1.0768780116882104,1.0804244255620745
unknown,1767104587,kv_cache,50-75%,1.1026217616457268,1.0906973423125488,1.110938618751377
unknown,1767104587,kv_cache,75-90%,1.1100418727984194,1.105655946670181,1.1095414131786963
unknown,1767104587,kv_cache,90-100%,1.1266531679631988,1.1274431239649652,1.106021604674181
unknown,1767104587,no_cache,0-10%,0.8534535528216994,0.8617026615387896,0.790925650384046
unknown,1767104587,no_cache,10-25%,0.8633135644191201,0.8598755804083907,0.8833657862408173
unknown,1767104587,no_cache,25-50%,0.8559048248051616,0.8603963672008053,0.8316150355876323
unknown,1767104587,no_cache,50-75%,0.8670657139414195,0.8749570661623615,0.8247275243564518
unknown,1767104587,no_cache,75-90%,0.8643199152732948,0.8816022194415928,0.8050771097670565
unknown,1767104587,no_cache,90-100%,0.8809215470415209,0.8980238600615463,0.8959755460854285
unknown,1767204018,kv_cache,0-10%,1.3956657558514503,1.378044778684718,1.469115112418612
unknown,1767204018,kv_cache,10-25%,1.5012307592384246,1.4763145839187324,1.6519878702817494
unknown,1767204018,kv_cache,25-50%,1.6831727798367058,1.7278057566425893,1.7542609126914872
unknown,1767204018,kv_cache,50-75%,1.81644750164045,1.7988970780457383,1.8591910886789218
unknown,1767204018,kv_cache,75-90%,1.9015068142630105,1.8924441450544516,1.9137798918080626
unknown,1767204018,kv_cache,90-100%,1.9449539166766423,1.9418282830643836,1.9450532164161751
unknown,1767204018,no_cache,0-10%,0.8132438640263795,0.8602901641822,0.8425748485967004
unknown,1767204018,no_cache,10-25%,0.8455727755306767,0.8607145835723777,0.854651993749708
unknown,1767204018,no_cache,25-50%,0.8784082183190871,0.8753603661797378,0.8988278805175972
unknown,1767204018,no_cache,50-75%,0.9106636211424106,0.9099954326743682,0.9242414523940004
unknown,1767204018,no_cache,75-90%,0.9272340300825861,0.9205680723444364,0.9421109887478518
unknown,1767204018,no_cache,90-100%,0.939827763026338,0.9416708338712647,0.942638020562103
unknown,1767240798,kv_cache,0-10%,1.1341038117871283,1.1357085930266027,1.1902881396654217
unknown,1767240798,kv_cache,10-25%,1.1458114769209518,1.1526668006688832,1.2012701193949553
unknown,1767240798,kv_cache,25-50%,1.1605071837031942,1.1631003168360081,1.1969170838446197
unknown,1767240798,kv_cache,50-75%,1.1729706435732121,1.1663525766547136,1.2079977739585135
unknown,1767240798,kv_cache,75-90%,1.1916854813648698,1.173180098219292,1.2145892437458565
unknown,1767240798,kv_cache,90-100%,1.2024728299777496,1.2019096505589477,1.2297728076020045
unknown,1767240798,no_cache,0-10%,0.9714546643920798,0.9898439026848508,1.0680452873690314
unknown,1767240798,no_cache,10-25%,0.9858064206662355,1.001833626144333,1.1156401778884686
unknown,1767240798,no_cache,25-50%,0.9969126343902627,1.00640449738026,1.1032934445848197
unknown,1767240798,no_cache,50-75%,0.9977188121122714,0.9351740300020507,1.1049500579886076
unknown,1767240798,no_cache,75-90%,0.9648977436219137,0.9700095087493708,0.9976580229869421
unknown,1767240798,no_cache,90-100%,0.9781453619819221,0.9818246509205225,0.9781685555046109
unknown,1767278026,kv_cache,0-10%,1.0529487890209048,1.0532470565070027,1.037000795271337
unknown,1767278026,kv_cache,10-25%,1.047279774035743,1.0504997723244707,1.0305991181700485
unknown,1767278026,kv_cache,25-50%,1.0543754314078333,1.0361595804486587,1.0377103154121352
unknown,1767278026,kv_cache,50-75%,1.0580261874987182,1.0390836512590165,1.0405697111119785
unknown,1767278026,kv_cache,75-90%,1.064495231048083,1.0652492061572512,1.0450987285295716
unknown,1767278026,kv_cache,90-100%,1.0693808883687292,1.0699665103481755,1.0556716228433902
unknown,1767278026,no_cache,0-10%,0.980714517817214,0.9815981211819662,0.9854735730287711
unknown,1767278026,no_cache,10-25%,0.9800694914180695,0.9892125319377827,0.9864659304587005
unknown,1767278026,no_cache,25-50%,0.9797838280694974,0.970353505234811,0.9819731668954154
unknown,1767278026,no_cache,50-75%,0.9725479579052231,0.976796488429966,0.9876871397081768
unknown,1767278026,no_cache,75-90%,0.9940273621516509,0.9893277703186095,1.0034714378277176
unknown,1767278026,no_cache,90-100%,0.9932966120137787,0.9914789109032637,0.9988601649311414
unknown,1767325731,kv_cache,0-10%,1.053442993449138,1.0472577039060615,1.0721287447045296
unknown,1767325731,kv_cache,10-25%,1.0662391910566462,1.0607187548519277,1.0881224101160487
unknown,1767325731,kv_cache,25-50%,1.088265422451021,1.0835281590074368,1.1176406360409032
unknown,1767325731,kv_cache,50-75%,1.0757788787703066,1.0995554823457612,1.1147146399384245
unknown,1767325731,kv_cache,75-90%,0.9877017805692502,1.0453662358228457,1.3614961053854668
unknown,1767325731,kv_cache,90-100%,0.926852839228915,0.7642783436073034,1.4198400650978122
unknown,1767325731,no_cache,0-10%,0.9758200795186236,0.9749659034171481,0.9819783576239252
unknown,1767325731,no_cache,10-25%,0.9781007943644587,0.9841923517508766,0.9836937474828857
unknown,1767325731,no_cache,25-50%,0.9870618450668331,0.9845633250288145,0.9879222013977268
unknown,1767325731,no_cache,50-75%,1.0003048189861263,0.9890570047266783,1.0008997083097326
unknown,1767325731,no_cache,75-90%,1.0105234800878256,1.0044778280877615,1.0228062046232096
unknown,1767325731,no_cache,90-100%,1.0136142299813846,1.0078107639168876,1.0286038698637954
